SCHOOL YEAR,DATE OF REPORT,COUNTY,STATE DISTRICT ID,DISTRICT NAME,SUBGROUP NAME,PK12 TOTAL,GRADE 9,GRADE 10,GRADE 11,GRADE 12
2020-21,1/11/2021,NEW YORK,307500010000,NYC SPEC SCHOOLS - DIST 75,Economically Disadvantaged,20708,942,851,957,3849
2020-21,1/11/2021,NEW YORK,307500010000,NYC SPEC SCHOOLS - DIST 75,Not Economically Disadvantaged,3555,116,121,130,403
2020-21,1/11/2021,NEW YORK,310100010000,NYC GEOG DIST # 1 - MANHATTAN,Economically Disadvantaged,6799,479,543,510,509
2020-21,1/11/2021,NEW YORK,310100010000,NYC GEOG DIST # 1 - MANHATTAN,Not Economically Disadvantaged,4304,347,336,304,248
2020-21,1/11/2021,NEW YORK,310200010000,NYC GEOG DIST # 2 - MANHATTAN,Economically Disadvantaged,30988,6315,6067,5660,5079
2020-21,1/11/2021,NEW YORK,310200010000,NYC GEOG DIST # 2 - MANHATTAN,Not Economically Disadvantaged,29257,2864,2879,2846,2567
2020-21,1/11/2021,NEW YORK,310300010000,NYC GEOG DIST # 3 - MANHATTAN,Economically Disadvantaged,9675,1112,1274,1000,1042
2020-21,1/11/2021,NEW YORK,310300010000,NYC GEOG DIST # 3 - MANHATTAN,Not Economically Disadvantaged,11364,917,1192,1088,1091
2020-21,1/11/2021,NEW YORK,310400010000,NYC GEOG DIST # 4 - MANHATTAN,Economically Disadvantaged,9790,738,758,753,735
2020-21,1/11/2021,NEW YORK,310400010000,NYC GEOG DIST # 4 - MANHATTAN,Not Economically Disadvantaged,2482,163,154,141,155
2020-21,1/11/2021,NEW YORK,310500010000,NYC GEOG DIST # 5 - MANHATTAN,Economically Disadvantaged,7779,672,634,495,485
2020-21,1/11/2021,NEW YORK,310500010000,NYC GEOG DIST # 5 - MANHATTAN,Not Economically Disadvantaged,2149,228,219,236,252
2020-21,1/11/2021,NEW YORK,310600010000,NYC GEOG DIST # 6 - MANHATTAN,Economically Disadvantaged,16606,1484,1176,1012,1088
2020-21,1/11/2021,NEW YORK,310600010000,NYC GEOG DIST # 6 - MANHATTAN,Not Economically Disadvantaged,3847,170,132,132,161
2020-21,1/11/2021,BRONX,320700010000,NYC GEOG DIST # 7 - BRONX,Economically Disadvantaged,15440,1578,1594,1333,1129
2020-21,1/11/2021,BRONX,320700010000,NYC GEOG DIST # 7 - BRONX,Not Economically Disadvantaged,2350,151,212,163,190
2020-21,1/11/2021,BRONX,320800010000,NYC GEOG DIST # 8 - BRONX,Economically Disadvantaged,20809,1471,1548,1269,1141
2020-21,1/11/2021,BRONX,320800010000,NYC GEOG DIST # 8 - BRONX,Not Economically Disadvantaged,4714,234,299,262,279
2020-21,1/11/2021,BRONX,320900010000,NYC GEOG DIST # 9 - BRONX,Economically Disadvantaged,27833,1903,1956,1650,1557
2020-21,1/11/2021,BRONX,320900010000,NYC GEOG DIST # 9 - BRONX,Not Economically Disadvantaged,2958,187,211,174,208
2020-21,1/11/2021,BRONX,321000010000,NYC GEOG DIST #10 - BRONX,Economically Disadvantaged,40760,3163,3003,2616,2472
2020-21,1/11/2021,BRONX,321000010000,NYC GEOG DIST #10 - BRONX,Not Economically Disadvantaged,9482,899,925,985,935
2020-21,1/11/2021,BRONX,321100010000,NYC GEOG DIST #11 - BRONX,Economically Disadvantaged,28096,2034,1897,1560,1442
2020-21,1/11/2021,BRONX,321100010000,NYC GEOG DIST #11 - BRONX,Not Economically Disadvantaged,7658,387,428,398,403
2020-21,1/11/2021,BRONX,321200010000,NYC GEOG DIST #12 - BRONX,Economically Disadvantaged,17421,1046,1215,1107,985
2020-21,1/11/2021,BRONX,321200010000,NYC GEOG DIST #12 - BRONX,Not Economically Disadvantaged,1865,99,134,112,140
2020-21,1/11/2021,KINGS,331300010000,NYC GEOG DIST #13 - BROOKLYN,Economically Disadvantaged,12584,2001,2079,1945,1862
2020-21,1/11/2021,KINGS,331300010000,NYC GEOG DIST #13 - BROOKLYN,Not Economically Disadvantaged,8142,879,970,876,910
2020-21,1/11/2021,KINGS,331400010000,NYC GEOG DIST #14 - BROOKLYN,Economically Disadvantaged,12448,1376,1273,1173,1111
2020-21,1/11/2021,KINGS,331400010000,NYC GEOG DIST #14 - BROOKLYN,Not Economically Disadvantaged,5169,272,307,292,234
2020-21,1/11/2021,KINGS,331500010000,NYC GEOG DIST #15 - BROOKLYN,Economically Disadvantaged,16935,1040,1341,1093,1060
2020-21,1/11/2021,KINGS,331500010000,NYC GEOG DIST #15 - BROOKLYN,Not Economically Disadvantaged,14039,462,457,466,388
2020-21,1/11/2021,KINGS,331600010000,NYC GEOG DIST #16 - BROOKLYN,Economically Disadvantaged,4999,333,345,363,351
2020-21,1/11/2021,KINGS,331600010000,NYC GEOG DIST #16 - BROOKLYN,Not Economically Disadvantaged,1132,56,60,75,66
2020-21,1/11/2021,KINGS,331700010000,NYC GEOG DIST #17 - BROOKLYN,Economically Disadvantaged,15817,1596,1488,1340,1404
2020-21,1/11/2021,KINGS,331700010000,NYC GEOG DIST #17 - BROOKLYN,Not Economically Disadvantaged,4501,404,362,405,403
2020-21,1/11/2021,KINGS,331800010000,NYC GEOG DIST #18 - BROOKLYN,Economically Disadvantaged,9436,716,715,618,683
2020-21,1/11/2021,KINGS,331800010000,NYC GEOG DIST #18 - BROOKLYN,Not Economically Disadvantaged,3156,138,170,138,177
2020-21,1/11/2021,KINGS,331900010000,NYC GEOG DIST #19 - BROOKLYN,Economically Disadvantaged,17866,1392,1280,1061,948
2020-21,1/11/2021,KINGS,331900010000,NYC GEOG DIST #19 - BROOKLYN,Not Economically Disadvantaged,2932,240,232,187,204
2020-21,1/11/2021,KINGS,332000010000,NYC GEOG DIST #20 - BROOKLYN,Economically Disadvantaged,38524,2848,2783,2229,2205
2020-21,1/11/2021,KINGS,332000010000,NYC GEOG DIST #20 - BROOKLYN,Not Economically Disadvantaged,13857,904,854,748,614
2020-21,1/11/2021,KINGS,332100010000,NYC GEOG DIST #21 - BROOKLYN,Economically Disadvantaged,25099,2453,2444,1768,1756
2020-21,1/11/2021,KINGS,332100010000,NYC GEOG DIST #21 - BROOKLYN,Not Economically Disadvantaged,10664,791,803,674,651
2020-21,1/11/2021,KINGS,332200010000,NYC GEOG DIST #22 - BROOKLYN,Economically Disadvantaged,22359,1828,1938,1760,1703
2020-21,1/11/2021,KINGS,332200010000,NYC GEOG DIST #22 - BROOKLYN,Not Economically Disadvantaged,11066,822,762,732,691
2020-21,1/11/2021,KINGS,332300010000,NYC GEOG DIST #23 - BROOKLYN,Economically Disadvantaged,7045,325,276,297,247
2020-21,1/11/2021,KINGS,332300010000,NYC GEOG DIST #23 - BROOKLYN,Not Economically Disadvantaged,1097,53,65,41,56
2020-21,1/11/2021,KINGS,333200010000,NYC GEOG DIST #32 - BROOKLYN,Economically Disadvantaged,9090,600,594,541,501
2020-21,1/11/2021,KINGS,333200010000,NYC GEOG DIST #32 - BROOKLYN,Not Economically Disadvantaged,2048,66,81,79,65
2020-21,1/11/2021,QUEENS,342400010000,NYC GEOG DIST #24 - QUEENS,Economically Disadvantaged,40855,2639,2616,2165,2277
2020-21,1/11/2021,QUEENS,342400010000,NYC GEOG DIST #24 - QUEENS,Not Economically Disadvantaged,14702,928,931,877,1024
2020-21,1/11/2021,QUEENS,342500010000,NYC GEOG DIST #25 - QUEENS,Economically Disadvantaged,25390,1784,2007,1749,1558
2020-21,1/11/2021,QUEENS,342500010000,NYC GEOG DIST #25 - QUEENS,Not Economically Disadvantaged,12074,620,698,683,557
2020-21,1/11/2021,QUEENS,342600010000,NYC GEOG DIST #26 - QUEENS,Economically Disadvantaged,17533,2665,2366,2186,2004
2020-21,1/11/2021,QUEENS,342600010000,NYC GEOG DIST #26 - QUEENS,Not Economically Disadvantaged,14177,1227,1070,996,955
2020-21,1/11/2021,QUEENS,342700010000,NYC GEOG DIST #27  - QUEENS,Economically Disadvantaged,31441,2127,2141,1769,1758
2020-21,1/11/2021,QUEENS,342700010000,NYC GEOG DIST #27  - QUEENS,Not Economically Disadvantaged,11631,649,661,627,592
2020-21,1/11/2021,QUEENS,342800010000,NYC GEOG DIST #28 - QUEENS,Economically Disadvantaged,25857,2826,2672,2488,2379
2020-21,1/11/2021,QUEENS,342800010000,NYC GEOG DIST #28 - QUEENS,Not Economically Disadvantaged,14616,1056,1081,1063,981
2020-21,1/11/2021,QUEENS,342900010000,NYC GEOG DIST #29 - QUEENS,Economically Disadvantaged,17087,776,737,650,669
2020-21,1/11/2021,QUEENS,342900010000,NYC GEOG DIST #29 - QUEENS,Not Economically Disadvantaged,7562,259,308,234,250
2020-21,1/11/2021,QUEENS,343000010000,NYC GEOG DIST #30 - QUEENS,Economically Disadvantaged,26133,2129,1932,1567,1617
2020-21,1/11/2021,QUEENS,343000010000,NYC GEOG DIST #30 - QUEENS,Not Economically Disadvantaged,11714,705,624,622,598
2020-21,1/11/2021,RICHMOND,353100010000,NYC GEOG DIST #31 - SI,Economically Disadvantaged,34802,2974,2750,2575,2248
2020-21,1/11/2021,RICHMOND,353100010000,NYC GEOG DIST #31 - SI,Not Economically Disadvantaged,28143,1787,1940,1989,1850
2019-20,6/30/2020,NEW YORK,307500010000,NYC SPEC SCHOOLS - DIST 75,Economically Disadvantaged,22418,551,482,263,292
2019-20,6/30/2020,NEW YORK,307500010000,NYC SPEC SCHOOLS - DIST 75,Not Economically Disadvantaged,3374,54,65,62,60
2019-20,6/30/2020,NEW YORK,310100010000,NYC GEOG DIST # 1 - MANHATTAN,Economically Disadvantaged,7288,482,558,525,556
2019-20,6/30/2020,NEW YORK,310100010000,NYC GEOG DIST # 1 - MANHATTAN,Not Economically Disadvantaged,4101,315,298,268,245
2019-20,6/30/2020,NEW YORK,310200010000,NYC GEOG DIST # 2 - MANHATTAN,Economically Disadvantaged,32262,6242,6212,5462,5644
2019-20,6/30/2020,NEW YORK,310200010000,NYC GEOG DIST # 2 - MANHATTAN,Not Economically Disadvantaged,30059,2715,2809,2562,2557
2019-20,6/30/2020,NEW YORK,310300010000,NYC GEOG DIST # 3 - MANHATTAN,Economically Disadvantaged,10353,1322,1104,1151,1093
2019-20,6/30/2020,NEW YORK,310300010000,NYC GEOG DIST # 3 - MANHATTAN,Not Economically Disadvantaged,12105,1147,1078,1080,962
2019-20,6/30/2020,NEW YORK,310400010000,NYC GEOG DIST # 4 - MANHATTAN,Economically Disadvantaged,10469,734,748,726,762
2019-20,6/30/2020,NEW YORK,310400010000,NYC GEOG DIST # 4 - MANHATTAN,Not Economically Disadvantaged,2513,166,170,175,127
2019-20,6/30/2020,NEW YORK,310500010000,NYC GEOG DIST # 5 - MANHATTAN,Economically Disadvantaged,8739,766,600,522,562
2019-20,6/30/2020,NEW YORK,310500010000,NYC GEOG DIST # 5 - MANHATTAN,Not Economically Disadvantaged,2150,233,231,240,248
2019-20,6/30/2020,NEW YORK,310600010000,NYC GEOG DIST # 6 - MANHATTAN,Economically Disadvantaged,17922,1331,1269,1108,1041
2019-20,6/30/2020,NEW YORK,310600010000,NYC GEOG DIST # 6 - MANHATTAN,Not Economically Disadvantaged,3649,137,147,121,117
2019-20,6/30/2020,BRONX,320700010000,NYC GEOG DIST # 7 - BRONX,Economically Disadvantaged,16642,1623,1492,1394,1240
2019-20,6/30/2020,BRONX,320700010000,NYC GEOG DIST # 7 - BRONX,Not Economically Disadvantaged,1817,141,180,166,167
2019-20,6/30/2020,BRONX,320800010000,NYC GEOG DIST # 8 - BRONX,Economically Disadvantaged,22664,1755,1458,1276,1157
2019-20,6/30/2020,BRONX,320800010000,NYC GEOG DIST # 8 - BRONX,Not Economically Disadvantaged,4825,292,257,254,250
2019-20,6/30/2020,BRONX,320900010000,NYC GEOG DIST # 9 - BRONX,Economically Disadvantaged,30166,2047,1878,1577,1480
2019-20,6/30/2020,BRONX,320900010000,NYC GEOG DIST # 9 - BRONX,Not Economically Disadvantaged,3088,198,181,188,169
2019-20,6/30/2020,BRONX,321000010000,NYC GEOG DIST #10 - BRONX,Economically Disadvantaged,44183,3281,2977,2628,2515
2019-20,6/30/2020,BRONX,321000010000,NYC GEOG DIST #10 - BRONX,Not Economically Disadvantaged,9446,911,962,919,884
2019-20,6/30/2020,BRONX,321100010000,NYC GEOG DIST #11 - BRONX,Economically Disadvantaged,30621,2197,1806,1488,1363
2019-20,6/30/2020,BRONX,321100010000,NYC GEOG DIST #11 - BRONX,Not Economically Disadvantaged,8053,422,428,403,390
2019-20,6/30/2020,BRONX,321200010000,NYC GEOG DIST #12 - BRONX,Economically Disadvantaged,19175,1255,1300,1035,1010
2019-20,6/30/2020,BRONX,321200010000,NYC GEOG DIST #12 - BRONX,Not Economically Disadvantaged,1956,111,114,125,139
2019-20,6/30/2020,KINGS,331300010000,NYC GEOG DIST #13 - BROOKLYN,Economically Disadvantaged,13325,2073,2066,1919,1935
2019-20,6/30/2020,KINGS,331300010000,NYC GEOG DIST #13 - BROOKLYN,Not Economically Disadvantaged,8040,942,863,878,835
2019-20,6/30/2020,KINGS,331400010000,NYC GEOG DIST #14 - BROOKLYN,Economically Disadvantaged,13176,1362,1278,1117,1137
2019-20,6/30/2020,KINGS,331400010000,NYC GEOG DIST #14 - BROOKLYN,Not Economically Disadvantaged,5097,293,293,235,255
2019-20,6/30/2020,KINGS,331500010000,NYC GEOG DIST #15 - BROOKLYN,Economically Disadvantaged,18016,1215,1313,1073,988
2019-20,6/30/2020,KINGS,331500010000,NYC GEOG DIST #15 - BROOKLYN,Not Economically Disadvantaged,14741,432,451,396,312
2019-20,6/30/2020,KINGS,331600010000,NYC GEOG DIST #16 - BROOKLYN,Economically Disadvantaged,5266,377,326,272,435
2019-20,6/30/2020,KINGS,331600010000,NYC GEOG DIST #16 - BROOKLYN,Not Economically Disadvantaged,1262,59,58,56,77
2019-20,6/30/2020,KINGS,331700010000,NYC GEOG DIST #17 - BROOKLYN,Economically Disadvantaged,16700,1571,1438,1266,1298
2019-20,6/30/2020,KINGS,331700010000,NYC GEOG DIST #17 - BROOKLYN,Not Economically Disadvantaged,4603,332,410,386,417
2019-20,6/30/2020,KINGS,331800010000,NYC GEOG DIST #18 - BROOKLYN,Economically Disadvantaged,10587,745,721,693,790
2019-20,6/30/2020,KINGS,331800010000,NYC GEOG DIST #18 - BROOKLYN,Not Economically Disadvantaged,3328,168,173,180,198
2019-20,6/30/2020,KINGS,331900010000,NYC GEOG DIST #19 - BROOKLYN,Economically Disadvantaged,19299,1405,1264,1012,863
2019-20,6/30/2020,KINGS,331900010000,NYC GEOG DIST #19 - BROOKLYN,Not Economically Disadvantaged,2970,199,196,166,197
2019-20,6/30/2020,KINGS,332000010000,NYC GEOG DIST #20 - BROOKLYN,Economically Disadvantaged,40341,2959,2761,2159,2214
2019-20,6/30/2020,KINGS,332000010000,NYC GEOG DIST #20 - BROOKLYN,Not Economically Disadvantaged,13599,867,889,586,507
2019-20,6/30/2020,KINGS,332100010000,NYC GEOG DIST #21 - BROOKLYN,Economically Disadvantaged,26803,2567,2254,1766,1809
2019-20,6/30/2020,KINGS,332100010000,NYC GEOG DIST #21 - BROOKLYN,Not Economically Disadvantaged,10241,762,739,583,564
2019-20,6/30/2020,KINGS,332200010000,NYC GEOG DIST #22 - BROOKLYN,Economically Disadvantaged,23926,1857,2053,1687,1719
2019-20,6/30/2020,KINGS,332200010000,NYC GEOG DIST #22 - BROOKLYN,Not Economically Disadvantaged,11367,761,796,682,632
2019-20,6/30/2020,KINGS,332300010000,NYC GEOG DIST #23 - BROOKLYN,Economically Disadvantaged,8084,309,324,299,298
2019-20,6/30/2020,KINGS,332300010000,NYC GEOG DIST #23 - BROOKLYN,Not Economically Disadvantaged,1220,56,57,61,79
2019-20,6/30/2020,KINGS,333200010000,NYC GEOG DIST #32 - BROOKLYN,Economically Disadvantaged,9877,613,570,512,476
2019-20,6/30/2020,KINGS,333200010000,NYC GEOG DIST #32 - BROOKLYN,Not Economically Disadvantaged,1694,62,80,67,55
2019-20,6/30/2020,QUEENS,342400010000,NYC GEOG DIST #24 - QUEENS,Economically Disadvantaged,43767,2917,2641,2243,2229
2019-20,6/30/2020,QUEENS,342400010000,NYC GEOG DIST #24 - QUEENS,Not Economically Disadvantaged,14874,963,894,900,917
2019-20,6/30/2020,QUEENS,342500010000,NYC GEOG DIST #25 - QUEENS,Economically Disadvantaged,26700,2115,1886,1662,1553
2019-20,6/30/2020,QUEENS,342500010000,NYC GEOG DIST #25 - QUEENS,Not Economically Disadvantaged,11933,709,793,619,539
2019-20,6/30/2020,QUEENS,342600010000,NYC GEOG DIST #26 - QUEENS,Economically Disadvantaged,18863,2929,2382,2069,2046
2019-20,6/30/2020,QUEENS,342600010000,NYC GEOG DIST #26 - QUEENS,Not Economically Disadvantaged,13723,1183,1007,963,902
2019-20,6/30/2020,QUEENS,342700010000,NYC GEOG DIST #27  - QUEENS,Economically Disadvantaged,33861,2562,2024,1685,1685
2019-20,6/30/2020,QUEENS,342700010000,NYC GEOG DIST #27  - QUEENS,Not Economically Disadvantaged,11774,651,688,586,568
2019-20,6/30/2020,QUEENS,342800010000,NYC GEOG DIST #28 - QUEENS,Economically Disadvantaged,28101,3001,2789,2564,2431
2019-20,6/30/2020,QUEENS,342800010000,NYC GEOG DIST #28 - QUEENS,Not Economically Disadvantaged,13725,991,993,939,828
2019-20,6/30/2020,QUEENS,342900010000,NYC GEOG DIST #29 - QUEENS,Economically Disadvantaged,18942,862,738,646,791
2019-20,6/30/2020,QUEENS,342900010000,NYC GEOG DIST #29 - QUEENS,Not Economically Disadvantaged,7302,264,229,234,206
2019-20,6/30/2020,QUEENS,343000010000,NYC GEOG DIST #30 - QUEENS,Economically Disadvantaged,27700,2094,1822,1695,1752
2019-20,6/30/2020,QUEENS,343000010000,NYC GEOG DIST #30 - QUEENS,Not Economically Disadvantaged,12162,676,668,635,595
2019-20,6/30/2020,RICHMOND,353100010000,NYC GEOG DIST #31 - SI,Economically Disadvantaged,36188,2951,2651,2471,2210
2019-20,6/30/2020,RICHMOND,353100010000,NYC GEOG DIST #31 - SI,Not Economically Disadvantaged,27870,1863,1983,1988,1811
2018-19,6/30/2019,NEW YORK,307500010000,NYC SPEC SCHOOLS - DIST 75,Economically Disadvantaged,21455,559,472,285,298
2018-19,6/30/2019,NEW YORK,307500010000,NYC SPEC SCHOOLS - DIST 75,Not Economically Disadvantaged,3518,48,84,49,73
2018-19,6/30/2019,NEW YORK,310100010000,NYC GEOG DIST # 1 - MANHATTAN,Economically Disadvantaged,7182,448,591,531,556
2018-19,6/30/2019,NEW YORK,310100010000,NYC GEOG DIST # 1 - MANHATTAN,Not Economically Disadvantaged,4088,286,307,272,244
2018-19,6/30/2019,NEW YORK,310200010000,NYC GEOG DIST # 2 - MANHATTAN,Economically Disadvantaged,32940,6567,6081,5780,5435
2018-19,6/30/2019,NEW YORK,310200010000,NYC GEOG DIST # 2 - MANHATTAN,Not Economically Disadvantaged,29462,2887,2801,2743,2413
2018-19,6/30/2019,NEW YORK,310300010000,NYC GEOG DIST # 3 - MANHATTAN,Economically Disadvantaged,10860,1278,1244,1138,1148
2018-19,6/30/2019,NEW YORK,310300010000,NYC GEOG DIST # 3 - MANHATTAN,Not Economically Disadvantaged,11558,926,1101,1000,921
2018-19,6/30/2019,NEW YORK,310400010000,NYC GEOG DIST # 4 - MANHATTAN,Economically Disadvantaged,10419,751,762,721,665
2018-19,6/30/2019,NEW YORK,310400010000,NYC GEOG DIST # 4 - MANHATTAN,Not Economically Disadvantaged,2532,166,166,144,147
2018-19,6/30/2019,NEW YORK,310500010000,NYC GEOG DIST # 5 - MANHATTAN,Economically Disadvantaged,9031,713,685,575,579
2018-19,6/30/2019,NEW YORK,310500010000,NYC GEOG DIST # 5 - MANHATTAN,Not Economically Disadvantaged,2200,277,274,283,212
2018-19,6/30/2019,NEW YORK,310600010000,NYC GEOG DIST # 6 - MANHATTAN,Economically Disadvantaged,18355,1452,1361,994,1078
2018-19,6/30/2019,NEW YORK,310600010000,NYC GEOG DIST # 6 - MANHATTAN,Not Economically Disadvantaged,3292,136,150,99,121
2018-19,6/30/2019,BRONX,320700010000,NYC GEOG DIST # 7 - BRONX,Economically Disadvantaged,17206,1549,1672,1320,1326
2018-19,6/30/2019,BRONX,320700010000,NYC GEOG DIST # 7 - BRONX,Not Economically Disadvantaged,1822,155,194,194,196
2018-19,6/30/2019,BRONX,320800010000,NYC GEOG DIST # 8 - BRONX,Economically Disadvantaged,22659,1670,1520,1225,1109
2018-19,6/30/2019,BRONX,320800010000,NYC GEOG DIST # 8 - BRONX,Not Economically Disadvantaged,4957,321,334,294,292
2018-19,6/30/2019,BRONX,320900010000,NYC GEOG DIST # 9 - BRONX,Economically Disadvantaged,31175,2012,1909,1654,1567
2018-19,6/30/2019,BRONX,320900010000,NYC GEOG DIST # 9 - BRONX,Not Economically Disadvantaged,3017,193,235,196,206
2018-19,6/30/2019,BRONX,321000010000,NYC GEOG DIST #10 - BRONX,Economically Disadvantaged,44800,3233,3030,2758,2420
2018-19,6/30/2019,BRONX,321000010000,NYC GEOG DIST #10 - BRONX,Not Economically Disadvantaged,9615,1063,1028,902,880
2018-19,6/30/2019,BRONX,321100010000,NYC GEOG DIST #11 - BRONX,Economically Disadvantaged,30686,2152,1780,1447,1368
2018-19,6/30/2019,BRONX,321100010000,NYC GEOG DIST #11 - BRONX,Not Economically Disadvantaged,8883,494,502,442,442
2018-19,6/30/2019,BRONX,321200010000,NYC GEOG DIST #12 - BRONX,Economically Disadvantaged,19936,1316,1304,1146,1071
2018-19,6/30/2019,BRONX,321200010000,NYC GEOG DIST #12 - BRONX,Not Economically Disadvantaged,2067,113,117,135,146
2018-19,6/30/2019,KINGS,331300010000,NYC GEOG DIST #13 - BROOKLYN,Economically Disadvantaged,13635,2062,2093,1977,1848
2018-19,6/30/2019,KINGS,331300010000,NYC GEOG DIST #13 - BROOKLYN,Not Economically Disadvantaged,7628,842,911,818,828
2018-19,6/30/2019,KINGS,331400010000,NYC GEOG DIST #14 - BROOKLYN,Economically Disadvantaged,13209,1367,1243,1189,1075
2018-19,6/30/2019,KINGS,331400010000,NYC GEOG DIST #14 - BROOKLYN,Not Economically Disadvantaged,5062,271,255,289,286
2018-19,6/30/2019,KINGS,331500010000,NYC GEOG DIST #15 - BROOKLYN,Economically Disadvantaged,18455,1265,1333,1043,1070
2018-19,6/30/2019,KINGS,331500010000,NYC GEOG DIST #15 - BROOKLYN,Not Economically Disadvantaged,14507,424,484,337,304
2018-19,6/30/2019,KINGS,331600010000,NYC GEOG DIST #16 - BROOKLYN,Economically Disadvantaged,5472,355,372,377,427
2018-19,6/30/2019,KINGS,331600010000,NYC GEOG DIST #16 - BROOKLYN,Not Economically Disadvantaged,1164,55,63,81,80
2018-19,6/30/2019,KINGS,331700010000,NYC GEOG DIST #17 - BROOKLYN,Economically Disadvantaged,16981,1469,1414,1286,1277
2018-19,6/30/2019,KINGS,331700010000,NYC GEOG DIST #17 - BROOKLYN,Not Economically Disadvantaged,4419,371,389,369,399
2018-19,6/30/2019,KINGS,331800010000,NYC GEOG DIST #18 - BROOKLYN,Economically Disadvantaged,11341,830,809,730,778
2018-19,6/30/2019,KINGS,331800010000,NYC GEOG DIST #18 - BROOKLYN,Not Economically Disadvantaged,3483,159,212,199,195
2018-19,6/30/2019,KINGS,331900010000,NYC GEOG DIST #19 - BROOKLYN,Economically Disadvantaged,19109,1387,1187,925,868
2018-19,6/30/2019,KINGS,331900010000,NYC GEOG DIST #19 - BROOKLYN,Not Economically Disadvantaged,2713,193,194,199,167
2018-19,6/30/2019,KINGS,332000010000,NYC GEOG DIST #20 - BROOKLYN,Economically Disadvantaged,40268,2868,2731,2086,2137
2018-19,6/30/2019,KINGS,332000010000,NYC GEOG DIST #20 - BROOKLYN,Not Economically Disadvantaged,13314,850,843,552,558
2018-19,6/30/2019,KINGS,332100010000,NYC GEOG DIST #21 - BROOKLYN,Economically Disadvantaged,26472,2441,2314,1851,1763
2018-19,6/30/2019,KINGS,332100010000,NYC GEOG DIST #21 - BROOKLYN,Not Economically Disadvantaged,10368,786,713,614,647
2018-19,6/30/2019,KINGS,332200010000,NYC GEOG DIST #22 - BROOKLYN,Economically Disadvantaged,24640,2054,2068,1594,1710
2018-19,6/30/2019,KINGS,332200010000,NYC GEOG DIST #22 - BROOKLYN,Not Economically Disadvantaged,11226,808,762,675,610
2018-19,6/30/2019,KINGS,332300010000,NYC GEOG DIST #23 - BROOKLYN,Economically Disadvantaged,8267,316,312,316,346
2018-19,6/30/2019,KINGS,332300010000,NYC GEOG DIST #23 - BROOKLYN,Not Economically Disadvantaged,1101,39,58,50,69
2018-19,6/30/2019,KINGS,333200010000,NYC GEOG DIST #32 - BROOKLYN,Economically Disadvantaged,9547,507,515,488,484
2018-19,6/30/2019,KINGS,333200010000,NYC GEOG DIST #32 - BROOKLYN,Not Economically Disadvantaged,1238,56,69,59,68
2018-19,6/30/2019,QUEENS,342400010000,NYC GEOG DIST #24 - QUEENS,Economically Disadvantaged,44335,2838,2657,2106,2285
2018-19,6/30/2019,QUEENS,342400010000,NYC GEOG DIST #24 - QUEENS,Not Economically Disadvantaged,15236,984,1040,853,964
2018-19,6/30/2019,QUEENS,342500010000,NYC GEOG DIST #25 - QUEENS,Economically Disadvantaged,26476,2079,1790,1708,1582
2018-19,6/30/2019,QUEENS,342500010000,NYC GEOG DIST #25 - QUEENS,Not Economically Disadvantaged,12228,822,733,658,533
2018-19,6/30/2019,QUEENS,342600010000,NYC GEOG DIST #26 - QUEENS,Economically Disadvantaged,18638,2886,2188,2113,2112
2018-19,6/30/2019,QUEENS,342600010000,NYC GEOG DIST #26 - QUEENS,Not Economically Disadvantaged,13994,1255,1137,983,999
2018-19,6/30/2019,QUEENS,342700010000,NYC GEOG DIST #27  - QUEENS,Economically Disadvantaged,33456,2291,1997,1581,1458
2018-19,6/30/2019,QUEENS,342700010000,NYC GEOG DIST #27  - QUEENS,Not Economically Disadvantaged,11585,832,707,631,518
2018-19,6/30/2019,QUEENS,342800010000,NYC GEOG DIST #28 - QUEENS,Economically Disadvantaged,28824,3097,2907,2627,2615
2018-19,6/30/2019,QUEENS,342800010000,NYC GEOG DIST #28 - QUEENS,Not Economically Disadvantaged,13225,916,939,798,867
2018-19,6/30/2019,QUEENS,342900010000,NYC GEOG DIST #29 - QUEENS,Economically Disadvantaged,19365,799,824,815,814
2018-19,6/30/2019,QUEENS,342900010000,NYC GEOG DIST #29 - QUEENS,Not Economically Disadvantaged,7631,210,259,231,240
2018-19,6/30/2019,QUEENS,343000010000,NYC GEOG DIST #30 - QUEENS,Economically Disadvantaged,28387,2147,1927,1728,1648
2018-19,6/30/2019,QUEENS,343000010000,NYC GEOG DIST #30 - QUEENS,Not Economically Disadvantaged,12228,726,728,605,578
2018-19,6/30/2019,RICHMOND,353100010000,NYC GEOG DIST #31 - SI,Economically Disadvantaged,35602,2948,2555,2487,2062
2018-19,6/30/2019,RICHMOND,353100010000,NYC GEOG DIST #31 - SI,Not Economically Disadvantaged,26420,2026,2047,1938,1665
2017-18,10/11/2018,NEW YORK,307500010000,NYC SPEC SCHOOLS - DIST 75,Economically Disadvantaged,21066,604,518,248,301
2017-18,10/11/2018,NEW YORK,307500010000,NYC SPEC SCHOOLS - DIST 75,Not Economically Disadvantaged,3317,61,80,49,57
2017-18,10/11/2018,NEW YORK,310100010000,NYC GEOG DIST # 1 - MANHATTAN,Economically Disadvantaged,7507,463,620,601,545
2017-18,10/11/2018,NEW YORK,310100010000,NYC GEOG DIST # 1 - MANHATTAN,Not Economically Disadvantaged,3919,241,274,262,237
2017-18,10/11/2018,NEW YORK,310200010000,NYC GEOG DIST # 2 - MANHATTAN,Economically Disadvantaged,34239,6533,6683,5824,5774
2017-18,10/11/2018,NEW YORK,310200010000,NYC GEOG DIST # 2 - MANHATTAN,Not Economically Disadvantaged,28456,2659,2670,2386,2499
2017-18,10/11/2018,NEW YORK,310300010000,NYC GEOG DIST # 3 - MANHATTAN,Economically Disadvantaged,11018,1211,1235,1221,1119
2017-18,10/11/2018,NEW YORK,310300010000,NYC GEOG DIST # 3 - MANHATTAN,Not Economically Disadvantaged,11399,1115,1025,946,889
2017-18,10/11/2018,NEW YORK,310400010000,NYC GEOG DIST # 4 - MANHATTAN,Economically Disadvantaged,10810,803,831,728,730
2017-18,10/11/2018,NEW YORK,310400010000,NYC GEOG DIST # 4 - MANHATTAN,Not Economically Disadvantaged,2347,136,122,124,128
2017-18,10/11/2018,NEW YORK,310500010000,NYC GEOG DIST # 5 - MANHATTAN,Economically Disadvantaged,9518,757,714,592,627
2017-18,10/11/2018,NEW YORK,310500010000,NYC GEOG DIST # 5 - MANHATTAN,Not Economically Disadvantaged,2048,285,276,207,219
2017-18,10/11/2018,NEW YORK,310600010000,NYC GEOG DIST # 6 - MANHATTAN,Economically Disadvantaged,19243,1450,1277,1081,1093
2017-18,10/11/2018,NEW YORK,310600010000,NYC GEOG DIST # 6 - MANHATTAN,Not Economically Disadvantaged,3194,146,116,120,103
2017-18,10/11/2018,BRONX,320700010000,NYC GEOG DIST # 7 - BRONX,Economically Disadvantaged,17957,1744,1721,1415,1383
2017-18,10/11/2018,BRONX,320700010000,NYC GEOG DIST # 7 - BRONX,Not Economically Disadvantaged,1653,157,165,185,203
2017-18,10/11/2018,BRONX,320800010000,NYC GEOG DIST # 8 - BRONX,Economically Disadvantaged,23493,1694,1510,1342,1276
2017-18,10/11/2018,BRONX,320800010000,NYC GEOG DIST # 8 - BRONX,Not Economically Disadvantaged,4698,279,298,324,273
2017-18,10/11/2018,BRONX,320900010000,NYC GEOG DIST # 9 - BRONX,Economically Disadvantaged,32433,2135,1988,1610,1583
2017-18,10/11/2018,BRONX,320900010000,NYC GEOG DIST # 9 - BRONX,Not Economically Disadvantaged,2945,215,217,200,231
2017-18,10/11/2018,BRONX,321000010000,NYC GEOG DIST #10 - BRONX,Economically Disadvantaged,46950,3501,3268,2689,2504
2017-18,10/11/2018,BRONX,321000010000,NYC GEOG DIST #10 - BRONX,Not Economically Disadvantaged,9195,924,965,853,853
2017-18,10/11/2018,BRONX,321100010000,NYC GEOG DIST #11 - BRONX,Economically Disadvantaged,31735,2135,1818,1486,1356
2017-18,10/11/2018,BRONX,321100010000,NYC GEOG DIST #11 - BRONX,Not Economically Disadvantaged,8605,409,491,465,488
2017-18,10/11/2018,BRONX,321200010000,NYC GEOG DIST #12 - BRONX,Economically Disadvantaged,21234,1341,1417,1257,1231
2017-18,10/11/2018,BRONX,321200010000,NYC GEOG DIST #12 - BRONX,Not Economically Disadvantaged,1991,103,121,130,160
2017-18,10/11/2018,KINGS,331300010000,NYC GEOG DIST #13 - BROOKLYN,Economically Disadvantaged,14082,2153,2208,1934,1824
2017-18,10/11/2018,KINGS,331300010000,NYC GEOG DIST #13 - BROOKLYN,Not Economically Disadvantaged,7187,868,853,806,751
2017-18,10/11/2018,KINGS,331400010000,NYC GEOG DIST #14 - BROOKLYN,Economically Disadvantaged,13733,1464,1422,1056,1190
2017-18,10/11/2018,KINGS,331400010000,NYC GEOG DIST #14 - BROOKLYN,Not Economically Disadvantaged,4801,236,253,257,296
2017-18,10/11/2018,KINGS,331500010000,NYC GEOG DIST #15 - BROOKLYN,Economically Disadvantaged,18785,1242,1270,1071,1114
2017-18,10/11/2018,KINGS,331500010000,NYC GEOG DIST #15 - BROOKLYN,Not Economically Disadvantaged,14008,352,400,345,306
2017-18,10/11/2018,KINGS,331600010000,NYC GEOG DIST #16 - BROOKLYN,Economically Disadvantaged,5554,386,361,333,444
2017-18,10/11/2018,KINGS,331600010000,NYC GEOG DIST #16 - BROOKLYN,Not Economically Disadvantaged,1045,63,59,71,68
2017-18,10/11/2018,KINGS,331700010000,NYC GEOG DIST #17 - BROOKLYN,Economically Disadvantaged,18094,1540,1495,1379,1489
2017-18,10/11/2018,KINGS,331700010000,NYC GEOG DIST #17 - BROOKLYN,Not Economically Disadvantaged,3934,357,361,342,315
2017-18,10/11/2018,KINGS,331800010000,NYC GEOG DIST #18 - BROOKLYN,Economically Disadvantaged,11969,846,882,706,865
2017-18,10/11/2018,KINGS,331800010000,NYC GEOG DIST #18 - BROOKLYN,Not Economically Disadvantaged,3356,174,199,193,222
2017-18,10/11/2018,KINGS,331900010000,NYC GEOG DIST #19 - BROOKLYN,Economically Disadvantaged,19633,1246,1222,943,901
2017-18,10/11/2018,KINGS,331900010000,NYC GEOG DIST #19 - BROOKLYN,Not Economically Disadvantaged,2700,169,226,170,157
2017-18,10/11/2018,KINGS,332000010000,NYC GEOG DIST #20 - BROOKLYN,Economically Disadvantaged,40929,2780,2701,2075,2352
2017-18,10/11/2018,KINGS,332000010000,NYC GEOG DIST #20 - BROOKLYN,Not Economically Disadvantaged,12838,789,757,603,583
2017-18,10/11/2018,KINGS,332100010000,NYC GEOG DIST #21 - BROOKLYN,Economically Disadvantaged,27264,2536,2401,1812,1982
2017-18,10/11/2018,KINGS,332100010000,NYC GEOG DIST #21 - BROOKLYN,Not Economically Disadvantaged,9715,677,705,601,615
2017-18,10/11/2018,KINGS,332200010000,NYC GEOG DIST #22 - BROOKLYN,Economically Disadvantaged,25274,2113,1957,1705,1524
2017-18,10/11/2018,KINGS,332200010000,NYC GEOG DIST #22 - BROOKLYN,Not Economically Disadvantaged,10721,660,694,634,651
2017-18,10/11/2018,KINGS,332300010000,NYC GEOG DIST #23 - BROOKLYN,Economically Disadvantaged,8469,256,335,313,452
2017-18,10/11/2018,KINGS,332300010000,NYC GEOG DIST #23 - BROOKLYN,Not Economically Disadvantaged,971,33,45,28,49
2017-18,10/11/2018,KINGS,333200010000,NYC GEOG DIST #32 - BROOKLYN,Economically Disadvantaged,10196,495,516,471,594
2017-18,10/11/2018,KINGS,333200010000,NYC GEOG DIST #32 - BROOKLYN,Not Economically Disadvantaged,1157,41,54,54,62
2017-18,10/11/2018,QUEENS,342400010000,NYC GEOG DIST #24 - QUEENS,Economically Disadvantaged,46477,2977,2597,2303,2439
2017-18,10/11/2018,QUEENS,342400010000,NYC GEOG DIST #24 - QUEENS,Not Economically Disadvantaged,14310,913,883,835,949
2017-18,10/11/2018,QUEENS,342500010000,NYC GEOG DIST #25 - QUEENS,Economically Disadvantaged,27657,2182,1889,1785,1635
2017-18,10/11/2018,QUEENS,342500010000,NYC GEOG DIST #25 - QUEENS,Not Economically Disadvantaged,11502,725,722,613,520
2017-18,10/11/2018,QUEENS,342600010000,NYC GEOG DIST #26 - QUEENS,Economically Disadvantaged,19398,2768,2371,2388,2335
2017-18,10/11/2018,QUEENS,342600010000,NYC GEOG DIST #26 - QUEENS,Not Economically Disadvantaged,13424,1120,1023,974,899
2017-18,10/11/2018,QUEENS,342700010000,NYC GEOG DIST #27  - QUEENS,Economically Disadvantaged,34705,2299,1904,1484,1730
2017-18,10/11/2018,QUEENS,342700010000,NYC GEOG DIST #27  - QUEENS,Not Economically Disadvantaged,10223,707,670,553,532
2017-18,10/11/2018,QUEENS,342800010000,NYC GEOG DIST #28 - QUEENS,Economically Disadvantaged,29488,3040,2921,2669,2722
2017-18,10/11/2018,QUEENS,342800010000,NYC GEOG DIST #28 - QUEENS,Not Economically Disadvantaged,12831,884,878,857,864
2017-18,10/11/2018,QUEENS,342900010000,NYC GEOG DIST #29 - QUEENS,Economically Disadvantaged,20574,797,840,746,912
2017-18,10/11/2018,QUEENS,342900010000,NYC GEOG DIST #29 - QUEENS,Not Economically Disadvantaged,7172,222,286,309,255
2017-18,10/11/2018,QUEENS,343000010000,NYC GEOG DIST #30 - QUEENS,Economically Disadvantaged,29575,2179,2098,1661,1689
2017-18,10/11/2018,QUEENS,343000010000,NYC GEOG DIST #30 - QUEENS,Not Economically Disadvantaged,11316,718,618,518,578
2017-18,10/11/2018,RICHMOND,353100010000,NYC GEOG DIST #31 - SI,Economically Disadvantaged,35746,2828,2734,2286,2163
2017-18,10/11/2018,RICHMOND,353100010000,NYC GEOG DIST #31 - SI,Not Economically Disadvantaged,26485,2073,2004,1876,1767
2016-17,10/2/2017,NEW YORK,307500010000,NYC SPEC SCHOOLS - DIST 75,Economically Disadvantaged,15451,553,398,193,207
2016-17,10/2/2017,NEW YORK,307500010000,NYC SPEC SCHOOLS - DIST 75,Not Economically Disadvantaged,8418,161,148,105,138
2016-17,10/2/2017,NEW YORK,310100010000,NYC GEOG DIST # 1 - MANHATTAN,Economically Disadvantaged,7140,420,537,463,526
2016-17,10/2/2017,NEW YORK,310100010000,NYC GEOG DIST # 1 - MANHATTAN,Not Economically Disadvantaged,4431,232,381,317,306
2016-17,10/2/2017,NEW YORK,310200010000,NYC GEOG DIST # 2 - MANHATTAN,Economically Disadvantaged,31989,6807,6067,5578,5162
2016-17,10/2/2017,NEW YORK,310200010000,NYC GEOG DIST # 2 - MANHATTAN,Not Economically Disadvantaged,30555,3064,2962,2925,2762
2016-17,10/2/2017,NEW YORK,310300010000,NYC GEOG DIST # 3 - MANHATTAN,Economically Disadvantaged,10524,1164,1275,1096,1147
2016-17,10/2/2017,NEW YORK,310300010000,NYC GEOG DIST # 3 - MANHATTAN,Not Economically Disadvantaged,11845,1038,1061,986,920
2016-17,10/2/2017,NEW YORK,310400010000,NYC GEOG DIST # 4 - MANHATTAN,Economically Disadvantaged,10688,811,798,750,739
2016-17,10/2/2017,NEW YORK,310400010000,NYC GEOG DIST # 4 - MANHATTAN,Not Economically Disadvantaged,2802,130,130,130,155
2016-17,10/2/2017,NEW YORK,310500010000,NYC GEOG DIST # 5 - MANHATTAN,Economically Disadvantaged,9550,775,652,605,621
2016-17,10/2/2017,NEW YORK,310500010000,NYC GEOG DIST # 5 - MANHATTAN,Not Economically Disadvantaged,2280,288,261,245,258
2016-17,10/2/2017,NEW YORK,310600010000,NYC GEOG DIST # 6 - MANHATTAN,Economically Disadvantaged,19074,1401,1274,1039,922
2016-17,10/2/2017,NEW YORK,310600010000,NYC GEOG DIST # 6 - MANHATTAN,Not Economically Disadvantaged,4219,164,203,170,172
2016-17,10/2/2017,BRONX,320700010000,NYC GEOG DIST # 7 - BRONX,Economically Disadvantaged,17786,1736,1741,1395,1331
2016-17,10/2/2017,BRONX,320700010000,NYC GEOG DIST # 7 - BRONX,Not Economically Disadvantaged,1843,140,240,183,260
2016-17,10/2/2017,BRONX,320800010000,NYC GEOG DIST # 8 - BRONX,Economically Disadvantaged,22280,1532,1451,1207,1143
2016-17,10/2/2017,BRONX,320800010000,NYC GEOG DIST # 8 - BRONX,Not Economically Disadvantaged,6448,461,495,424,426
2016-17,10/2/2017,BRONX,320900010000,NYC GEOG DIST # 9 - BRONX,Economically Disadvantaged,31862,1970,1880,1585,1559
2016-17,10/2/2017,BRONX,320900010000,NYC GEOG DIST # 9 - BRONX,Not Economically Disadvantaged,4335,321,312,301,328
2016-17,10/2/2017,BRONX,321000010000,NYC GEOG DIST #10 - BRONX,Economically Disadvantaged,45167,3441,2985,2593,2397
2016-17,10/2/2017,BRONX,321000010000,NYC GEOG DIST #10 - BRONX,Not Economically Disadvantaged,11625,1074,1109,1030,961
2016-17,10/2/2017,BRONX,321100010000,NYC GEOG DIST #11 - BRONX,Economically Disadvantaged,28966,2032,1728,1343,1253
2016-17,10/2/2017,BRONX,321100010000,NYC GEOG DIST #11 - BRONX,Not Economically Disadvantaged,11450,515,703,549,572
2016-17,10/2/2017,BRONX,321200010000,NYC GEOG DIST #12 - BRONX,Economically Disadvantaged,20922,1456,1463,1208,1105
2016-17,10/2/2017,BRONX,321200010000,NYC GEOG DIST #12 - BRONX,Not Economically Disadvantaged,2902,163,183,184,231
2016-17,10/2/2017,KINGS,331300010000,NYC GEOG DIST #13 - BROOKLYN,Economically Disadvantaged,13686,2147,2014,1719,1819
2016-17,10/2/2017,KINGS,331300010000,NYC GEOG DIST #13 - BROOKLYN,Not Economically Disadvantaged,7580,921,950,856,775
2016-17,10/2/2017,KINGS,331400010000,NYC GEOG DIST #14 - BROOKLYN,Economically Disadvantaged,13095,1379,1349,1265,1149
2016-17,10/2/2017,KINGS,331400010000,NYC GEOG DIST #14 - BROOKLYN,Not Economically Disadvantaged,6215,341,371,385,311
2016-17,10/2/2017,KINGS,331500010000,NYC GEOG DIST #15 - BROOKLYN,Economically Disadvantaged,17126,1327,1176,1016,947
2016-17,10/2/2017,KINGS,331500010000,NYC GEOG DIST #15 - BROOKLYN,Not Economically Disadvantaged,15474,365,457,395,362
2016-17,10/2/2017,KINGS,331600010000,NYC GEOG DIST #16 - BROOKLYN,Economically Disadvantaged,5610,375,352,376,369
2016-17,10/2/2017,KINGS,331600010000,NYC GEOG DIST #16 - BROOKLYN,Not Economically Disadvantaged,1361,97,95,116,103
2016-17,10/2/2017,KINGS,331700010000,NYC GEOG DIST #17 - BROOKLYN,Economically Disadvantaged,18026,1502,1498,1413,1407
2016-17,10/2/2017,KINGS,331700010000,NYC GEOG DIST #17 - BROOKLYN,Not Economically Disadvantaged,5019,392,419,379,376
2016-17,10/2/2017,KINGS,331800010000,NYC GEOG DIST #18 - BROOKLYN,Economically Disadvantaged,12102,892,827,725,889
2016-17,10/2/2017,KINGS,331800010000,NYC GEOG DIST #18 - BROOKLYN,Not Economically Disadvantaged,3962,203,287,274,219
2016-17,10/2/2017,KINGS,331900010000,NYC GEOG DIST #19 - BROOKLYN,Economically Disadvantaged,19052,1249,1128,912,801
2016-17,10/2/2017,KINGS,331900010000,NYC GEOG DIST #19 - BROOKLYN,Not Economically Disadvantaged,3712,225,249,192,210
2016-17,10/2/2017,KINGS,332000010000,NYC GEOG DIST #20 - BROOKLYN,Economically Disadvantaged,37117,2605,2550,2077,2180
2016-17,10/2/2017,KINGS,332000010000,NYC GEOG DIST #20 - BROOKLYN,Not Economically Disadvantaged,16703,912,984,748,642
2016-17,10/2/2017,KINGS,332100010000,NYC GEOG DIST #21 - BROOKLYN,Economically Disadvantaged,24607,2411,2337,1978,1761
2016-17,10/2/2017,KINGS,332100010000,NYC GEOG DIST #21 - BROOKLYN,Not Economically Disadvantaged,12157,805,901,693,605
2016-17,10/2/2017,KINGS,332200010000,NYC GEOG DIST #22 - BROOKLYN,Economically Disadvantaged,23703,1974,1922,1428,1523
2016-17,10/2/2017,KINGS,332200010000,NYC GEOG DIST #22 - BROOKLYN,Not Economically Disadvantaged,12223,679,736,715,672
2016-17,10/2/2017,KINGS,332300010000,NYC GEOG DIST #23 - BROOKLYN,Economically Disadvantaged,8440,266,317,315,390
2016-17,10/2/2017,KINGS,332300010000,NYC GEOG DIST #23 - BROOKLYN,Not Economically Disadvantaged,1092,40,61,66,95
2016-17,10/2/2017,KINGS,333200010000,NYC GEOG DIST #32 - BROOKLYN,Economically Disadvantaged,10213,486,523,460,426
2016-17,10/2/2017,KINGS,333200010000,NYC GEOG DIST #32 - BROOKLYN,Not Economically Disadvantaged,1862,66,142,76,124
2016-17,10/2/2017,QUEENS,342400010000,NYC GEOG DIST #24 - QUEENS,Economically Disadvantaged,41429,2666,2483,2100,1995
2016-17,10/2/2017,QUEENS,342400010000,NYC GEOG DIST #24 - QUEENS,Not Economically Disadvantaged,19783,1048,1172,1028,1137
2016-17,10/2/2017,QUEENS,342500010000,NYC GEOG DIST #25 - QUEENS,Economically Disadvantaged,25566,2119,1903,1707,1466
2016-17,10/2/2017,QUEENS,342500010000,NYC GEOG DIST #25 - QUEENS,Not Economically Disadvantaged,13145,780,781,667,590
2016-17,10/2/2017,QUEENS,342600010000,NYC GEOG DIST #26 - QUEENS,Economically Disadvantaged,18060,2754,2240,2367,1921
2016-17,10/2/2017,QUEENS,342600010000,NYC GEOG DIST #26 - QUEENS,Not Economically Disadvantaged,14705,1258,1255,1120,984
2016-17,10/2/2017,QUEENS,342700010000,NYC GEOG DIST #27  - QUEENS,Economically Disadvantaged,33444,2125,1849,1627,1652
2016-17,10/2/2017,QUEENS,342700010000,NYC GEOG DIST #27  - QUEENS,Not Economically Disadvantaged,11848,677,643,573,485
2016-17,10/2/2017,QUEENS,342800010000,NYC GEOG DIST #28 - QUEENS,Economically Disadvantaged,27433,2992,2881,2618,2409
2016-17,10/2/2017,QUEENS,342800010000,NYC GEOG DIST #28 - QUEENS,Not Economically Disadvantaged,14755,970,1043,1014,980
2016-17,10/2/2017,QUEENS,342900010000,NYC GEOG DIST #29 - QUEENS,Economically Disadvantaged,19923,861,887,850,764
2016-17,10/2/2017,QUEENS,342900010000,NYC GEOG DIST #29 - QUEENS,Not Economically Disadvantaged,8130,188,309,271,244
2016-17,10/2/2017,QUEENS,343000010000,NYC GEOG DIST #30 - QUEENS,Economically Disadvantaged,27168,2172,1841,1514,1585
2016-17,10/2/2017,QUEENS,343000010000,NYC GEOG DIST #30 - QUEENS,Not Economically Disadvantaged,14044,752,686,592,579
2016-17,10/2/2017,RICHMOND,353100010000,NYC GEOG DIST #31 - SI,Economically Disadvantaged,34313,3021,2498,2156,1867
2016-17,10/2/2017,RICHMOND,353100010000,NYC GEOG DIST #31 - SI,Not Economically Disadvantaged,28244,2093,2054,2024,1944
