SCHOOL YEAR,DATE OF REPORT,COUNTY,STATE DISTRICT ID,DISTRICT NAME,SUBGROUP CODE,Race,GRADE 9,GRADE 10,GRADE 11,GRADE 12
2020-21,1/11/2021,NEW YORK,307500010000,NYC SPEC SCHOOLS - DIST 75,04,American Indian/Alaska Native,14,17,11,65
2020-21,1/11/2021,NEW YORK,307500010000,NYC SPEC SCHOOLS - DIST 75,05,Black,437,423,415,1476
2020-21,1/11/2021,NEW YORK,307500010000,NYC SPEC SCHOOLS - DIST 75,06,Hispanic,470,388,431,1764
2020-21,1/11/2021,NEW YORK,307500010000,NYC SPEC SCHOOLS - DIST 75,07,Asian/Pacific Islander,44,58,93,347
2020-21,1/11/2021,NEW YORK,307500010000,NYC SPEC SCHOOLS - DIST 75,08,White,86,80,131,581
2020-21,1/11/2021,NEW YORK,307500010000,NYC SPEC SCHOOLS - DIST 75,09,Multiracial,7,6,6,19
2020-21,1/11/2021,NEW YORK,310100010000,NYC GEOG DIST # 1 - MANHATTAN,04,American Indian/Alaska Native,6,3,8,7
2020-21,1/11/2021,NEW YORK,310100010000,NYC GEOG DIST # 1 - MANHATTAN,05,Black,128,126,150,122
2020-21,1/11/2021,NEW YORK,310100010000,NYC GEOG DIST # 1 - MANHATTAN,06,Hispanic,334,351,285,294
2020-21,1/11/2021,NEW YORK,310100010000,NYC GEOG DIST # 1 - MANHATTAN,07,Asian/Pacific Islander,159,232,190,185
2020-21,1/11/2021,NEW YORK,310100010000,NYC GEOG DIST # 1 - MANHATTAN,08,White,173,154,168,137
2020-21,1/11/2021,NEW YORK,310100010000,NYC GEOG DIST # 1 - MANHATTAN,09,Multiracial,26,13,13,12
2020-21,1/11/2021,NEW YORK,310200010000,NYC GEOG DIST # 2 - MANHATTAN,04,American Indian/Alaska Native,74,64,61,59
2020-21,1/11/2021,NEW YORK,310200010000,NYC GEOG DIST # 2 - MANHATTAN,05,Black,1766,1806,1578,1406
2020-21,1/11/2021,NEW YORK,310200010000,NYC GEOG DIST # 2 - MANHATTAN,06,Hispanic,4079,3962,3841,3424
2020-21,1/11/2021,NEW YORK,310200010000,NYC GEOG DIST # 2 - MANHATTAN,07,Asian/Pacific Islander,1555,1559,1524,1443
2020-21,1/11/2021,NEW YORK,310200010000,NYC GEOG DIST # 2 - MANHATTAN,08,White,1260,1243,1277,1134
2020-21,1/11/2021,NEW YORK,310200010000,NYC GEOG DIST # 2 - MANHATTAN,09,Multiracial,445,312,225,180
2020-21,1/11/2021,NEW YORK,310300010000,NYC GEOG DIST # 3 - MANHATTAN,04,American Indian/Alaska Native,21,17,10,18
2020-21,1/11/2021,NEW YORK,310300010000,NYC GEOG DIST # 3 - MANHATTAN,05,Black,388,444,362,411
2020-21,1/11/2021,NEW YORK,310300010000,NYC GEOG DIST # 3 - MANHATTAN,06,Hispanic,760,883,725,738
2020-21,1/11/2021,NEW YORK,310300010000,NYC GEOG DIST # 3 - MANHATTAN,07,Asian/Pacific Islander,241,297,220,252
2020-21,1/11/2021,NEW YORK,310300010000,NYC GEOG DIST # 3 - MANHATTAN,08,White,473,609,626,611
2020-21,1/11/2021,NEW YORK,310300010000,NYC GEOG DIST # 3 - MANHATTAN,09,Multiracial,146,216,145,103
2020-21,1/11/2021,NEW YORK,310400010000,NYC GEOG DIST # 4 - MANHATTAN,04,American Indian/Alaska Native,12,10,8,9
2020-21,1/11/2021,NEW YORK,310400010000,NYC GEOG DIST # 4 - MANHATTAN,05,Black,181,203,207,194
2020-21,1/11/2021,NEW YORK,310400010000,NYC GEOG DIST # 4 - MANHATTAN,06,Hispanic,465,503,493,506
2020-21,1/11/2021,NEW YORK,310400010000,NYC GEOG DIST # 4 - MANHATTAN,07,Asian/Pacific Islander,151,126,130,139
2020-21,1/11/2021,NEW YORK,310400010000,NYC GEOG DIST # 4 - MANHATTAN,08,White,68,49,43,32
2020-21,1/11/2021,NEW YORK,310400010000,NYC GEOG DIST # 4 - MANHATTAN,09,Multiracial,24,21,13,10
2020-21,1/11/2021,NEW YORK,310500010000,NYC GEOG DIST # 5 - MANHATTAN,04,American Indian/Alaska Native,12,6,14,6
2020-21,1/11/2021,NEW YORK,310500010000,NYC GEOG DIST # 5 - MANHATTAN,05,Black,417,389,318,333
2020-21,1/11/2021,NEW YORK,310500010000,NYC GEOG DIST # 5 - MANHATTAN,06,Hispanic,313,314,268,235
2020-21,1/11/2021,NEW YORK,310500010000,NYC GEOG DIST # 5 - MANHATTAN,07,Asian/Pacific Islander,52,58,35,66
2020-21,1/11/2021,NEW YORK,310500010000,NYC GEOG DIST # 5 - MANHATTAN,08,White,83,57,69,73
2020-21,1/11/2021,NEW YORK,310500010000,NYC GEOG DIST # 5 - MANHATTAN,09,Multiracial,23,29,27,24
2020-21,1/11/2021,NEW YORK,310600010000,NYC GEOG DIST # 6 - MANHATTAN,04,American Indian/Alaska Native,9,9,7,1
2020-21,1/11/2021,NEW YORK,310600010000,NYC GEOG DIST # 6 - MANHATTAN,05,Black,256,186,140,148
2020-21,1/11/2021,NEW YORK,310600010000,NYC GEOG DIST # 6 - MANHATTAN,06,Hispanic,1305,1075,944,1055
2020-21,1/11/2021,NEW YORK,310600010000,NYC GEOG DIST # 6 - MANHATTAN,07,Asian/Pacific Islander,33,17,30,18
2020-21,1/11/2021,NEW YORK,310600010000,NYC GEOG DIST # 6 - MANHATTAN,08,White,31,13,19,18
2020-21,1/11/2021,NEW YORK,310600010000,NYC GEOG DIST # 6 - MANHATTAN,09,Multiracial,20,8,4,9
2020-21,1/11/2021,BRONX,320700010000,NYC GEOG DIST # 7 - BRONX,04,American Indian/Alaska Native,10,18,12,12
2020-21,1/11/2021,BRONX,320700010000,NYC GEOG DIST # 7 - BRONX,05,Black,476,465,405,346
2020-21,1/11/2021,BRONX,320700010000,NYC GEOG DIST # 7 - BRONX,06,Hispanic,1180,1255,1037,896
2020-21,1/11/2021,BRONX,320700010000,NYC GEOG DIST # 7 - BRONX,07,Asian/Pacific Islander,25,29,21,28
2020-21,1/11/2021,BRONX,320700010000,NYC GEOG DIST # 7 - BRONX,08,White,23,27,17,25
2020-21,1/11/2021,BRONX,320700010000,NYC GEOG DIST # 7 - BRONX,09,Multiracial,15,12,4,12
2020-21,1/11/2021,BRONX,320800010000,NYC GEOG DIST # 8 - BRONX,04,American Indian/Alaska Native,17,27,30,9
2020-21,1/11/2021,BRONX,320800010000,NYC GEOG DIST # 8 - BRONX,05,Black,453,461,384,412
2020-21,1/11/2021,BRONX,320800010000,NYC GEOG DIST # 8 - BRONX,06,Hispanic,1072,1136,923,850
2020-21,1/11/2021,BRONX,320800010000,NYC GEOG DIST # 8 - BRONX,07,Asian/Pacific Islander,85,109,108,85
2020-21,1/11/2021,BRONX,320800010000,NYC GEOG DIST # 8 - BRONX,08,White,68,103,83,61
2020-21,1/11/2021,BRONX,320800010000,NYC GEOG DIST # 8 - BRONX,09,Multiracial,10,11,3,3
2020-21,1/11/2021,BRONX,320900010000,NYC GEOG DIST # 9 - BRONX,04,American Indian/Alaska Native,13,18,15,16
2020-21,1/11/2021,BRONX,320900010000,NYC GEOG DIST # 9 - BRONX,05,Black,572,570,484,443
2020-21,1/11/2021,BRONX,320900010000,NYC GEOG DIST # 9 - BRONX,06,Hispanic,1418,1513,1258,1230
2020-21,1/11/2021,BRONX,320900010000,NYC GEOG DIST # 9 - BRONX,07,Asian/Pacific Islander,44,38,36,44
2020-21,1/11/2021,BRONX,320900010000,NYC GEOG DIST # 9 - BRONX,08,White,26,22,24,26
2020-21,1/11/2021,BRONX,320900010000,NYC GEOG DIST # 9 - BRONX,09,Multiracial,17,6,7,6
2020-21,1/11/2021,BRONX,321000010000,NYC GEOG DIST #10 - BRONX,04,American Indian/Alaska Native,43,38,53,40
2020-21,1/11/2021,BRONX,321000010000,NYC GEOG DIST #10 - BRONX,05,Black,740,651,568,541
2020-21,1/11/2021,BRONX,321000010000,NYC GEOG DIST #10 - BRONX,06,Hispanic,2344,2223,2017,1858
2020-21,1/11/2021,BRONX,321000010000,NYC GEOG DIST #10 - BRONX,07,Asian/Pacific Islander,601,631,607,625
2020-21,1/11/2021,BRONX,321000010000,NYC GEOG DIST #10 - BRONX,08,White,284,321,300,321
2020-21,1/11/2021,BRONX,321000010000,NYC GEOG DIST #10 - BRONX,09,Multiracial,50,64,56,22
2020-21,1/11/2021,BRONX,321100010000,NYC GEOG DIST #11 - BRONX,04,American Indian/Alaska Native,24,35,34,32
2020-21,1/11/2021,BRONX,321100010000,NYC GEOG DIST #11 - BRONX,05,Black,858,885,755,691
2020-21,1/11/2021,BRONX,321100010000,NYC GEOG DIST #11 - BRONX,06,Hispanic,1250,1131,900,853
2020-21,1/11/2021,BRONX,321100010000,NYC GEOG DIST #11 - BRONX,07,Asian/Pacific Islander,117,124,120,123
2020-21,1/11/2021,BRONX,321100010000,NYC GEOG DIST #11 - BRONX,08,White,156,132,136,131
2020-21,1/11/2021,BRONX,321100010000,NYC GEOG DIST #11 - BRONX,09,Multiracial,16,18,13,15
2020-21,1/11/2021,BRONX,321200010000,NYC GEOG DIST #12 - BRONX,04,American Indian/Alaska Native,9,13,14,13
2020-21,1/11/2021,BRONX,321200010000,NYC GEOG DIST #12 - BRONX,05,Black,253,315,290,304
2020-21,1/11/2021,BRONX,321200010000,NYC GEOG DIST #12 - BRONX,06,Hispanic,841,961,870,759
2020-21,1/11/2021,BRONX,321200010000,NYC GEOG DIST #12 - BRONX,07,Asian/Pacific Islander,25,31,20,26
2020-21,1/11/2021,BRONX,321200010000,NYC GEOG DIST #12 - BRONX,08,White,12,20,21,20
2020-21,1/11/2021,BRONX,321200010000,NYC GEOG DIST #12 - BRONX,09,Multiracial,5,9,4,3
2020-21,1/11/2021,KINGS,331300010000,NYC GEOG DIST #13 - BROOKLYN,04,American Indian/Alaska Native,27,29,22,20
2020-21,1/11/2021,KINGS,331300010000,NYC GEOG DIST #13 - BROOKLYN,05,Black,995,1077,957,936
2020-21,1/11/2021,KINGS,331300010000,NYC GEOG DIST #13 - BROOKLYN,06,Hispanic,489,447,414,342
2020-21,1/11/2021,KINGS,331300010000,NYC GEOG DIST #13 - BROOKLYN,07,Asian/Pacific Islander,867,1010,987,1006
2020-21,1/11/2021,KINGS,331300010000,NYC GEOG DIST #13 - BROOKLYN,08,White,339,436,387,429
2020-21,1/11/2021,KINGS,331300010000,NYC GEOG DIST #13 - BROOKLYN,09,Multiracial,163,50,54,39
2020-21,1/11/2021,KINGS,331400010000,NYC GEOG DIST #14 - BROOKLYN,04,American Indian/Alaska Native,15,12,16,9
2020-21,1/11/2021,KINGS,331400010000,NYC GEOG DIST #14 - BROOKLYN,05,Black,464,447,350,323
2020-21,1/11/2021,KINGS,331400010000,NYC GEOG DIST #14 - BROOKLYN,06,Hispanic,885,866,831,792
2020-21,1/11/2021,KINGS,331400010000,NYC GEOG DIST #14 - BROOKLYN,07,Asian/Pacific Islander,160,130,171,132
2020-21,1/11/2021,KINGS,331400010000,NYC GEOG DIST #14 - BROOKLYN,08,White,81,98,68,66
2020-21,1/11/2021,KINGS,331400010000,NYC GEOG DIST #14 - BROOKLYN,09,Multiracial,43,27,29,23
2020-21,1/11/2021,KINGS,331500010000,NYC GEOG DIST #15 - BROOKLYN,04,American Indian/Alaska Native,14,9,12,11
2020-21,1/11/2021,KINGS,331500010000,NYC GEOG DIST #15 - BROOKLYN,05,Black,465,570,561,553
2020-21,1/11/2021,KINGS,331500010000,NYC GEOG DIST #15 - BROOKLYN,06,Hispanic,624,794,639,578
2020-21,1/11/2021,KINGS,331500010000,NYC GEOG DIST #15 - BROOKLYN,07,Asian/Pacific Islander,146,129,113,87
2020-21,1/11/2021,KINGS,331500010000,NYC GEOG DIST #15 - BROOKLYN,08,White,200,228,185,189
2020-21,1/11/2021,KINGS,331500010000,NYC GEOG DIST #15 - BROOKLYN,09,Multiracial,53,68,49,30
2020-21,1/11/2021,KINGS,331600010000,NYC GEOG DIST #16 - BROOKLYN,04,American Indian/Alaska Native,3,2,12,3
2020-21,1/11/2021,KINGS,331600010000,NYC GEOG DIST #16 - BROOKLYN,05,Black,258,273,309,304
2020-21,1/11/2021,KINGS,331600010000,NYC GEOG DIST #16 - BROOKLYN,06,Hispanic,97,106,92,78
2020-21,1/11/2021,KINGS,331600010000,NYC GEOG DIST #16 - BROOKLYN,07,Asian/Pacific Islander,22,7,11,13
2020-21,1/11/2021,KINGS,331600010000,NYC GEOG DIST #16 - BROOKLYN,08,White,6,8,11,12
2020-21,1/11/2021,KINGS,331600010000,NYC GEOG DIST #16 - BROOKLYN,09,Multiracial,3,9,3,7
2020-21,1/11/2021,KINGS,331700010000,NYC GEOG DIST #17 - BROOKLYN,04,American Indian/Alaska Native,26,27,19,26
2020-21,1/11/2021,KINGS,331700010000,NYC GEOG DIST #17 - BROOKLYN,05,Black,1467,1413,1399,1432
2020-21,1/11/2021,KINGS,331700010000,NYC GEOG DIST #17 - BROOKLYN,06,Hispanic,336,280,254,244
2020-21,1/11/2021,KINGS,331700010000,NYC GEOG DIST #17 - BROOKLYN,07,Asian/Pacific Islander,82,67,32,57
2020-21,1/11/2021,KINGS,331700010000,NYC GEOG DIST #17 - BROOKLYN,08,White,50,42,30,31
2020-21,1/11/2021,KINGS,331700010000,NYC GEOG DIST #17 - BROOKLYN,09,Multiracial,39,21,11,17
2020-21,1/11/2021,KINGS,331800010000,NYC GEOG DIST #18 - BROOKLYN,04,American Indian/Alaska Native,10,8,10,16
2020-21,1/11/2021,KINGS,331800010000,NYC GEOG DIST #18 - BROOKLYN,05,Black,612,713,616,712
2020-21,1/11/2021,KINGS,331800010000,NYC GEOG DIST #18 - BROOKLYN,06,Hispanic,135,110,78,85
2020-21,1/11/2021,KINGS,331800010000,NYC GEOG DIST #18 - BROOKLYN,07,Asian/Pacific Islander,32,17,23,14
2020-21,1/11/2021,KINGS,331800010000,NYC GEOG DIST #18 - BROOKLYN,08,White,44,33,24,30
2020-21,1/11/2021,KINGS,331800010000,NYC GEOG DIST #18 - BROOKLYN,09,Multiracial,21,4,5,3
2020-21,1/11/2021,KINGS,331900010000,NYC GEOG DIST #19 - BROOKLYN,04,American Indian/Alaska Native,33,21,24,20
2020-21,1/11/2021,KINGS,331900010000,NYC GEOG DIST #19 - BROOKLYN,05,Black,792,706,596,575
2020-21,1/11/2021,KINGS,331900010000,NYC GEOG DIST #19 - BROOKLYN,06,Hispanic,626,632,536,455
2020-21,1/11/2021,KINGS,331900010000,NYC GEOG DIST #19 - BROOKLYN,07,Asian/Pacific Islander,107,100,58,60
2020-21,1/11/2021,KINGS,331900010000,NYC GEOG DIST #19 - BROOKLYN,08,White,47,32,22,32
2020-21,1/11/2021,KINGS,331900010000,NYC GEOG DIST #19 - BROOKLYN,09,Multiracial,27,21,12,10
2020-21,1/11/2021,KINGS,332000010000,NYC GEOG DIST #20 - BROOKLYN,04,American Indian/Alaska Native,13,20,13,7
2020-21,1/11/2021,KINGS,332000010000,NYC GEOG DIST #20 - BROOKLYN,05,Black,206,184,141,133
2020-21,1/11/2021,KINGS,332000010000,NYC GEOG DIST #20 - BROOKLYN,06,Hispanic,1416,1331,941,850
2020-21,1/11/2021,KINGS,332000010000,NYC GEOG DIST #20 - BROOKLYN,07,Asian/Pacific Islander,1151,1194,1048,1043
2020-21,1/11/2021,KINGS,332000010000,NYC GEOG DIST #20 - BROOKLYN,08,White,905,852,793,768
2020-21,1/11/2021,KINGS,332000010000,NYC GEOG DIST #20 - BROOKLYN,09,Multiracial,61,56,41,18
2020-21,1/11/2021,KINGS,332100010000,NYC GEOG DIST #21 - BROOKLYN,04,American Indian/Alaska Native,21,22,8,9
2020-21,1/11/2021,KINGS,332100010000,NYC GEOG DIST #21 - BROOKLYN,05,Black,809,825,602,604
2020-21,1/11/2021,KINGS,332100010000,NYC GEOG DIST #21 - BROOKLYN,06,Hispanic,894,866,610,586
2020-21,1/11/2021,KINGS,332100010000,NYC GEOG DIST #21 - BROOKLYN,07,Asian/Pacific Islander,642,700,559,543
2020-21,1/11/2021,KINGS,332100010000,NYC GEOG DIST #21 - BROOKLYN,08,White,791,754,606,603
2020-21,1/11/2021,KINGS,332100010000,NYC GEOG DIST #21 - BROOKLYN,09,Multiracial,87,80,57,62
2020-21,1/11/2021,KINGS,332200010000,NYC GEOG DIST #22 - BROOKLYN,04,American Indian/Alaska Native,14,22,10,11
2020-21,1/11/2021,KINGS,332200010000,NYC GEOG DIST #22 - BROOKLYN,05,Black,559,599,559,554
2020-21,1/11/2021,KINGS,332200010000,NYC GEOG DIST #22 - BROOKLYN,06,Hispanic,404,426,349,335
2020-21,1/11/2021,KINGS,332200010000,NYC GEOG DIST #22 - BROOKLYN,07,Asian/Pacific Islander,707,664,683,644
2020-21,1/11/2021,KINGS,332200010000,NYC GEOG DIST #22 - BROOKLYN,08,White,872,941,858,819
2020-21,1/11/2021,KINGS,332200010000,NYC GEOG DIST #22 - BROOKLYN,09,Multiracial,94,48,33,31
2020-21,1/11/2021,KINGS,332300010000,NYC GEOG DIST #23 - BROOKLYN,04,American Indian/Alaska Native,3,2,2,5
2020-21,1/11/2021,KINGS,332300010000,NYC GEOG DIST #23 - BROOKLYN,05,Black,290,277,269,238
2020-21,1/11/2021,KINGS,332300010000,NYC GEOG DIST #23 - BROOKLYN,06,Hispanic,63,50,56,51
2020-21,1/11/2021,KINGS,332300010000,NYC GEOG DIST #23 - BROOKLYN,07,Asian/Pacific Islander,13,5,5,4
2020-21,1/11/2021,KINGS,332300010000,NYC GEOG DIST #23 - BROOKLYN,08,White,5,7,3,5
2020-21,1/11/2021,KINGS,332300010000,NYC GEOG DIST #23 - BROOKLYN,09,Multiracial,4,0,3,0
2020-21,1/11/2021,KINGS,333200010000,NYC GEOG DIST #32 - BROOKLYN,04,American Indian/Alaska Native,6,3,1,1
2020-21,1/11/2021,KINGS,333200010000,NYC GEOG DIST #32 - BROOKLYN,05,Black,140,111,117,112
2020-21,1/11/2021,KINGS,333200010000,NYC GEOG DIST #32 - BROOKLYN,06,Hispanic,441,520,479,430
2020-21,1/11/2021,KINGS,333200010000,NYC GEOG DIST #32 - BROOKLYN,07,Asian/Pacific Islander,30,15,8,7
2020-21,1/11/2021,KINGS,333200010000,NYC GEOG DIST #32 - BROOKLYN,08,White,34,20,14,11
2020-21,1/11/2021,KINGS,333200010000,NYC GEOG DIST #32 - BROOKLYN,09,Multiracial,15,6,1,5
2020-21,1/11/2021,QUEENS,342400010000,NYC GEOG DIST #24 - QUEENS,04,American Indian/Alaska Native,19,17,25,26
2020-21,1/11/2021,QUEENS,342400010000,NYC GEOG DIST #24 - QUEENS,05,Black,214,165,172,153
2020-21,1/11/2021,QUEENS,342400010000,NYC GEOG DIST #24 - QUEENS,06,Hispanic,2222,2346,1815,1911
2020-21,1/11/2021,QUEENS,342400010000,NYC GEOG DIST #24 - QUEENS,07,Asian/Pacific Islander,650,591,642,720
2020-21,1/11/2021,QUEENS,342400010000,NYC GEOG DIST #24 - QUEENS,08,White,375,365,332,412
2020-21,1/11/2021,QUEENS,342400010000,NYC GEOG DIST #24 - QUEENS,09,Multiracial,87,63,56,79
2020-21,1/11/2021,QUEENS,342500010000,NYC GEOG DIST #25 - QUEENS,04,American Indian/Alaska Native,15,26,26,19
2020-21,1/11/2021,QUEENS,342500010000,NYC GEOG DIST #25 - QUEENS,05,Black,275,354,321,266
2020-21,1/11/2021,QUEENS,342500010000,NYC GEOG DIST #25 - QUEENS,06,Hispanic,1044,1242,1005,826
2020-21,1/11/2021,QUEENS,342500010000,NYC GEOG DIST #25 - QUEENS,07,Asian/Pacific Islander,767,796,793,753
2020-21,1/11/2021,QUEENS,342500010000,NYC GEOG DIST #25 - QUEENS,08,White,219,217,220,201
2020-21,1/11/2021,QUEENS,342500010000,NYC GEOG DIST #25 - QUEENS,09,Multiracial,84,70,67,50
2020-21,1/11/2021,QUEENS,342600010000,NYC GEOG DIST #26 - QUEENS,04,American Indian/Alaska Native,46,53,51,69
2020-21,1/11/2021,QUEENS,342600010000,NYC GEOG DIST #26 - QUEENS,05,Black,740,662,598,499
2020-21,1/11/2021,QUEENS,342600010000,NYC GEOG DIST #26 - QUEENS,06,Hispanic,941,789,669,578
2020-21,1/11/2021,QUEENS,342600010000,NYC GEOG DIST #26 - QUEENS,07,Asian/Pacific Islander,1644,1509,1398,1372
2020-21,1/11/2021,QUEENS,342600010000,NYC GEOG DIST #26 - QUEENS,08,White,432,370,423,417
2020-21,1/11/2021,QUEENS,342600010000,NYC GEOG DIST #26 - QUEENS,09,Multiracial,89,53,43,24
2020-21,1/11/2021,QUEENS,342700010000,NYC GEOG DIST #27  - QUEENS,04,American Indian/Alaska Native,73,55,75,68
2020-21,1/11/2021,QUEENS,342700010000,NYC GEOG DIST #27  - QUEENS,05,Black,716,718,561,660
2020-21,1/11/2021,QUEENS,342700010000,NYC GEOG DIST #27  - QUEENS,06,Hispanic,1106,1128,903,770
2020-21,1/11/2021,QUEENS,342700010000,NYC GEOG DIST #27  - QUEENS,07,Asian/Pacific Islander,580,625,605,577
2020-21,1/11/2021,QUEENS,342700010000,NYC GEOG DIST #27  - QUEENS,08,White,235,216,214,240
2020-21,1/11/2021,QUEENS,342700010000,NYC GEOG DIST #27  - QUEENS,09,Multiracial,66,60,38,35
2020-21,1/11/2021,QUEENS,342800010000,NYC GEOG DIST #28 - QUEENS,04,American Indian/Alaska Native,121,128,129,116
2020-21,1/11/2021,QUEENS,342800010000,NYC GEOG DIST #28 - QUEENS,05,Black,736,686,707,670
2020-21,1/11/2021,QUEENS,342800010000,NYC GEOG DIST #28 - QUEENS,06,Hispanic,1199,1197,1005,929
2020-21,1/11/2021,QUEENS,342800010000,NYC GEOG DIST #28 - QUEENS,07,Asian/Pacific Islander,1231,1185,1176,1065
2020-21,1/11/2021,QUEENS,342800010000,NYC GEOG DIST #28 - QUEENS,08,White,476,468,457,484
2020-21,1/11/2021,QUEENS,342800010000,NYC GEOG DIST #28 - QUEENS,09,Multiracial,119,89,77,96
2020-21,1/11/2021,QUEENS,342900010000,NYC GEOG DIST #29 - QUEENS,04,American Indian/Alaska Native,33,36,26,30
2020-21,1/11/2021,QUEENS,342900010000,NYC GEOG DIST #29 - QUEENS,05,Black,713,744,674,680
2020-21,1/11/2021,QUEENS,342900010000,NYC GEOG DIST #29 - QUEENS,06,Hispanic,150,143,83,95
2020-21,1/11/2021,QUEENS,342900010000,NYC GEOG DIST #29 - QUEENS,07,Asian/Pacific Islander,89,73,74,76
2020-21,1/11/2021,QUEENS,342900010000,NYC GEOG DIST #29 - QUEENS,08,White,25,22,13,14
2020-21,1/11/2021,QUEENS,342900010000,NYC GEOG DIST #29 - QUEENS,09,Multiracial,25,27,14,24
2020-21,1/11/2021,QUEENS,343000010000,NYC GEOG DIST #30 - QUEENS,04,American Indian/Alaska Native,13,15,17,16
2020-21,1/11/2021,QUEENS,343000010000,NYC GEOG DIST #30 - QUEENS,05,Black,240,186,165,145
2020-21,1/11/2021,QUEENS,343000010000,NYC GEOG DIST #30 - QUEENS,06,Hispanic,1577,1403,1115,1161
2020-21,1/11/2021,QUEENS,343000010000,NYC GEOG DIST #30 - QUEENS,07,Asian/Pacific Islander,485,480,496,499
2020-21,1/11/2021,QUEENS,343000010000,NYC GEOG DIST #30 - QUEENS,08,White,456,411,344,356
2020-21,1/11/2021,QUEENS,343000010000,NYC GEOG DIST #30 - QUEENS,09,Multiracial,63,61,52,38
2020-21,1/11/2021,RICHMOND,353100010000,NYC GEOG DIST #31 - SI,04,American Indian/Alaska Native,13,23,21,24
2020-21,1/11/2021,RICHMOND,353100010000,NYC GEOG DIST #31 - SI,05,Black,623,649,596,506
2020-21,1/11/2021,RICHMOND,353100010000,NYC GEOG DIST #31 - SI,06,Hispanic,1459,1373,1197,1041
2020-21,1/11/2021,RICHMOND,353100010000,NYC GEOG DIST #31 - SI,07,Asian/Pacific Islander,700,590,613,541
2020-21,1/11/2021,RICHMOND,353100010000,NYC GEOG DIST #31 - SI,08,White,1792,1946,2064,1951
2020-21,1/11/2021,RICHMOND,353100010000,NYC GEOG DIST #31 - SI,09,Multiracial,174,109,73,35
2019-20,6/30/2020,NEW YORK,307500010000,NYC SPEC SCHOOLS - DIST 75,04,American Indian/Alaska Native,7,8,3,3
2019-20,6/30/2020,NEW YORK,307500010000,NYC SPEC SCHOOLS - DIST 75,05,Black,301,252,137,162
2019-20,6/30/2020,NEW YORK,307500010000,NYC SPEC SCHOOLS - DIST 75,06,Hispanic,239,195,122,141
2019-20,6/30/2020,NEW YORK,307500010000,NYC SPEC SCHOOLS - DIST 75,07,Asian/Pacific Islander,23,28,14,13
2019-20,6/30/2020,NEW YORK,307500010000,NYC SPEC SCHOOLS - DIST 75,08,White,31,59,48,31
2019-20,6/30/2020,NEW YORK,307500010000,NYC SPEC SCHOOLS - DIST 75,09,Multiracial,4,5,1,2
2019-20,6/30/2020,NEW YORK,310100010000,NYC GEOG DIST # 1 - MANHATTAN,04,American Indian/Alaska Native,2,7,8,1
2019-20,6/30/2020,NEW YORK,310100010000,NYC GEOG DIST # 1 - MANHATTAN,05,Black,118,145,141,176
2019-20,6/30/2020,NEW YORK,310100010000,NYC GEOG DIST # 1 - MANHATTAN,06,Hispanic,289,302,317,287
2019-20,6/30/2020,NEW YORK,310100010000,NYC GEOG DIST # 1 - MANHATTAN,07,Asian/Pacific Islander,214,225,178,209
2019-20,6/30/2020,NEW YORK,310100010000,NYC GEOG DIST # 1 - MANHATTAN,08,White,162,166,137,123
2019-20,6/30/2020,NEW YORK,310100010000,NYC GEOG DIST # 1 - MANHATTAN,09,Multiracial,12,11,12,5
2019-20,6/30/2020,NEW YORK,310200010000,NYC GEOG DIST # 2 - MANHATTAN,04,American Indian/Alaska Native,66,68,63,49
2019-20,6/30/2020,NEW YORK,310200010000,NYC GEOG DIST # 2 - MANHATTAN,05,Black,1717,1722,1526,1711
2019-20,6/30/2020,NEW YORK,310200010000,NYC GEOG DIST # 2 - MANHATTAN,06,Hispanic,4020,4161,3593,3602
2019-20,6/30/2020,NEW YORK,310200010000,NYC GEOG DIST # 2 - MANHATTAN,07,Asian/Pacific Islander,1545,1567,1483,1539
2019-20,6/30/2020,NEW YORK,310200010000,NYC GEOG DIST # 2 - MANHATTAN,08,White,1275,1276,1179,1145
2019-20,6/30/2020,NEW YORK,310200010000,NYC GEOG DIST # 2 - MANHATTAN,09,Multiracial,334,227,180,155
2019-20,6/30/2020,NEW YORK,310300010000,NYC GEOG DIST # 3 - MANHATTAN,04,American Indian/Alaska Native,16,9,18,10
2019-20,6/30/2020,NEW YORK,310300010000,NYC GEOG DIST # 3 - MANHATTAN,05,Black,423,404,439,451
2019-20,6/30/2020,NEW YORK,310300010000,NYC GEOG DIST # 3 - MANHATTAN,06,Hispanic,862,751,793,723
2019-20,6/30/2020,NEW YORK,310300010000,NYC GEOG DIST # 3 - MANHATTAN,07,Asian/Pacific Islander,294,226,255,225
2019-20,6/30/2020,NEW YORK,310300010000,NYC GEOG DIST # 3 - MANHATTAN,08,White,644,648,622,556
2019-20,6/30/2020,NEW YORK,310300010000,NYC GEOG DIST # 3 - MANHATTAN,09,Multiracial,230,144,104,90
2019-20,6/30/2020,NEW YORK,310400010000,NYC GEOG DIST # 4 - MANHATTAN,04,American Indian/Alaska Native,10,10,7,9
2019-20,6/30/2020,NEW YORK,310400010000,NYC GEOG DIST # 4 - MANHATTAN,05,Black,198,206,192,183
2019-20,6/30/2020,NEW YORK,310400010000,NYC GEOG DIST # 4 - MANHATTAN,06,Hispanic,488,515,520,511
2019-20,6/30/2020,NEW YORK,310400010000,NYC GEOG DIST # 4 - MANHATTAN,07,Asian/Pacific Islander,130,130,138,132
2019-20,6/30/2020,NEW YORK,310400010000,NYC GEOG DIST # 4 - MANHATTAN,08,White,56,43,35,46
2019-20,6/30/2020,NEW YORK,310400010000,NYC GEOG DIST # 4 - MANHATTAN,09,Multiracial,18,14,9,8
2019-20,6/30/2020,NEW YORK,310500010000,NYC GEOG DIST # 5 - MANHATTAN,04,American Indian/Alaska Native,10,11,8,9
2019-20,6/30/2020,NEW YORK,310500010000,NYC GEOG DIST # 5 - MANHATTAN,05,Black,471,368,349,394
2019-20,6/30/2020,NEW YORK,310500010000,NYC GEOG DIST # 5 - MANHATTAN,06,Hispanic,370,303,237,249
2019-20,6/30/2020,NEW YORK,310500010000,NYC GEOG DIST # 5 - MANHATTAN,07,Asian/Pacific Islander,57,38,68,55
2019-20,6/30/2020,NEW YORK,310500010000,NYC GEOG DIST # 5 - MANHATTAN,08,White,60,81,75,76
2019-20,6/30/2020,NEW YORK,310500010000,NYC GEOG DIST # 5 - MANHATTAN,09,Multiracial,31,30,25,27
2019-20,6/30/2020,NEW YORK,310600010000,NYC GEOG DIST # 6 - MANHATTAN,04,American Indian/Alaska Native,10,11,1,3
2019-20,6/30/2020,NEW YORK,310600010000,NYC GEOG DIST # 6 - MANHATTAN,05,Black,258,177,149,137
2019-20,6/30/2020,NEW YORK,310600010000,NYC GEOG DIST # 6 - MANHATTAN,06,Hispanic,1146,1171,1036,975
2019-20,6/30/2020,NEW YORK,310600010000,NYC GEOG DIST # 6 - MANHATTAN,07,Asian/Pacific Islander,23,28,20,21
2019-20,6/30/2020,NEW YORK,310600010000,NYC GEOG DIST # 6 - MANHATTAN,08,White,21,22,15,19
2019-20,6/30/2020,NEW YORK,310600010000,NYC GEOG DIST # 6 - MANHATTAN,09,Multiracial,10,7,8,3
2019-20,6/30/2020,BRONX,320700010000,NYC GEOG DIST # 7 - BRONX,04,American Indian/Alaska Native,14,14,12,9
2019-20,6/30/2020,BRONX,320700010000,NYC GEOG DIST # 7 - BRONX,05,Black,443,453,408,395
2019-20,6/30/2020,BRONX,320700010000,NYC GEOG DIST # 7 - BRONX,06,Hispanic,1248,1156,1068,952
2019-20,6/30/2020,BRONX,320700010000,NYC GEOG DIST # 7 - BRONX,07,Asian/Pacific Islander,27,17,32,26
2019-20,6/30/2020,BRONX,320700010000,NYC GEOG DIST # 7 - BRONX,08,White,22,25,30,18
2019-20,6/30/2020,BRONX,320700010000,NYC GEOG DIST # 7 - BRONX,09,Multiracial,10,7,10,7
2019-20,6/30/2020,BRONX,320800010000,NYC GEOG DIST # 8 - BRONX,04,American Indian/Alaska Native,30,33,13,14
2019-20,6/30/2020,BRONX,320800010000,NYC GEOG DIST # 8 - BRONX,05,Black,525,428,439,346
2019-20,6/30/2020,BRONX,320800010000,NYC GEOG DIST # 8 - BRONX,06,Hispanic,1271,1050,907,844
2019-20,6/30/2020,BRONX,320800010000,NYC GEOG DIST # 8 - BRONX,07,Asian/Pacific Islander,99,117,92,119
2019-20,6/30/2020,BRONX,320800010000,NYC GEOG DIST # 8 - BRONX,08,White,112,84,76,81
2019-20,6/30/2020,BRONX,320800010000,NYC GEOG DIST # 8 - BRONX,09,Multiracial,10,3,3,3
2019-20,6/30/2020,BRONX,320900010000,NYC GEOG DIST # 9 - BRONX,04,American Indian/Alaska Native,17,19,12,13
2019-20,6/30/2020,BRONX,320900010000,NYC GEOG DIST # 9 - BRONX,05,Black,576,550,448,448
2019-20,6/30/2020,BRONX,320900010000,NYC GEOG DIST # 9 - BRONX,06,Hispanic,1581,1419,1225,1126
2019-20,6/30/2020,BRONX,320900010000,NYC GEOG DIST # 9 - BRONX,07,Asian/Pacific Islander,38,36,47,34
2019-20,6/30/2020,BRONX,320900010000,NYC GEOG DIST # 9 - BRONX,08,White,20,28,24,26
2019-20,6/30/2020,BRONX,320900010000,NYC GEOG DIST # 9 - BRONX,09,Multiracial,13,7,9,2
2019-20,6/30/2020,BRONX,321000010000,NYC GEOG DIST #10 - BRONX,04,American Indian/Alaska Native,42,54,62,40
2019-20,6/30/2020,BRONX,321000010000,NYC GEOG DIST #10 - BRONX,05,Black,718,663,533,565
2019-20,6/30/2020,BRONX,321000010000,NYC GEOG DIST #10 - BRONX,06,Hispanic,2409,2221,1975,1782
2019-20,6/30/2020,BRONX,321000010000,NYC GEOG DIST #10 - BRONX,07,Asian/Pacific Islander,624,626,631,611
2019-20,6/30/2020,BRONX,321000010000,NYC GEOG DIST #10 - BRONX,08,White,333,315,326,359
2019-20,6/30/2020,BRONX,321000010000,NYC GEOG DIST #10 - BRONX,09,Multiracial,66,60,20,42
2019-20,6/30/2020,BRONX,321100010000,NYC GEOG DIST #11 - BRONX,04,American Indian/Alaska Native,37,36,32,23
2019-20,6/30/2020,BRONX,321100010000,NYC GEOG DIST #11 - BRONX,05,Black,967,868,726,705
2019-20,6/30/2020,BRONX,321100010000,NYC GEOG DIST #11 - BRONX,06,Hispanic,1321,1050,857,779
2019-20,6/30/2020,BRONX,321100010000,NYC GEOG DIST #11 - BRONX,07,Asian/Pacific Islander,128,128,129,110
2019-20,6/30/2020,BRONX,321100010000,NYC GEOG DIST #11 - BRONX,08,White,146,135,136,126
2019-20,6/30/2020,BRONX,321100010000,NYC GEOG DIST #11 - BRONX,09,Multiracial,20,17,11,10
2019-20,6/30/2020,BRONX,321200010000,NYC GEOG DIST #12 - BRONX,04,American Indian/Alaska Native,11,15,13,10
2019-20,6/30/2020,BRONX,321200010000,NYC GEOG DIST #12 - BRONX,05,Black,300,350,293,292
2019-20,6/30/2020,BRONX,321200010000,NYC GEOG DIST #12 - BRONX,06,Hispanic,992,995,816,796
2019-20,6/30/2020,BRONX,321200010000,NYC GEOG DIST #12 - BRONX,07,Asian/Pacific Islander,33,20,24,27
2019-20,6/30/2020,BRONX,321200010000,NYC GEOG DIST #12 - BRONX,08,White,21,27,12,19
2019-20,6/30/2020,BRONX,321200010000,NYC GEOG DIST #12 - BRONX,09,Multiracial,9,7,2,5
2019-20,6/30/2020,KINGS,331300010000,NYC GEOG DIST #13 - BROOKLYN,04,American Indian/Alaska Native,29,24,20,20
2019-20,6/30/2020,KINGS,331300010000,NYC GEOG DIST #13 - BROOKLYN,05,Black,1049,1025,976,940
2019-20,6/30/2020,KINGS,331300010000,NYC GEOG DIST #13 - BROOKLYN,06,Hispanic,446,430,345,370
2019-20,6/30/2020,KINGS,331300010000,NYC GEOG DIST #13 - BROOKLYN,07,Asian/Pacific Islander,1003,987,986,1006
2019-20,6/30/2020,KINGS,331300010000,NYC GEOG DIST #13 - BROOKLYN,08,White,439,404,429,404
2019-20,6/30/2020,KINGS,331300010000,NYC GEOG DIST #13 - BROOKLYN,09,Multiracial,49,59,41,30
2019-20,6/30/2020,KINGS,331400010000,NYC GEOG DIST #14 - BROOKLYN,04,American Indian/Alaska Native,13,19,6,7
2019-20,6/30/2020,KINGS,331400010000,NYC GEOG DIST #14 - BROOKLYN,05,Black,460,382,338,378
2019-20,6/30/2020,KINGS,331400010000,NYC GEOG DIST #14 - BROOKLYN,06,Hispanic,901,896,786,816
2019-20,6/30/2020,KINGS,331400010000,NYC GEOG DIST #14 - BROOKLYN,07,Asian/Pacific Islander,141,174,136,112
2019-20,6/30/2020,KINGS,331400010000,NYC GEOG DIST #14 - BROOKLYN,08,White,109,71,63,58
2019-20,6/30/2020,KINGS,331400010000,NYC GEOG DIST #14 - BROOKLYN,09,Multiracial,31,29,23,21
2019-20,6/30/2020,KINGS,331500010000,NYC GEOG DIST #15 - BROOKLYN,04,American Indian/Alaska Native,8,16,13,7
2019-20,6/30/2020,KINGS,331500010000,NYC GEOG DIST #15 - BROOKLYN,05,Black,549,598,579,510
2019-20,6/30/2020,KINGS,331500010000,NYC GEOG DIST #15 - BROOKLYN,06,Hispanic,678,741,574,522
2019-20,6/30/2020,KINGS,331500010000,NYC GEOG DIST #15 - BROOKLYN,07,Asian/Pacific Islander,126,133,88,88
2019-20,6/30/2020,KINGS,331500010000,NYC GEOG DIST #15 - BROOKLYN,08,White,210,223,186,152
2019-20,6/30/2020,KINGS,331500010000,NYC GEOG DIST #15 - BROOKLYN,09,Multiracial,76,53,29,21
2019-20,6/30/2020,KINGS,331600010000,NYC GEOG DIST #16 - BROOKLYN,04,American Indian/Alaska Native,3,9,3,4
2019-20,6/30/2020,KINGS,331600010000,NYC GEOG DIST #16 - BROOKLYN,05,Black,291,276,244,388
2019-20,6/30/2020,KINGS,331600010000,NYC GEOG DIST #16 - BROOKLYN,06,Hispanic,111,79,56,93
2019-20,6/30/2020,KINGS,331600010000,NYC GEOG DIST #16 - BROOKLYN,07,Asian/Pacific Islander,10,9,14,9
2019-20,6/30/2020,KINGS,331600010000,NYC GEOG DIST #16 - BROOKLYN,08,White,11,8,7,13
2019-20,6/30/2020,KINGS,331600010000,NYC GEOG DIST #16 - BROOKLYN,09,Multiracial,10,3,4,5
2019-20,6/30/2020,KINGS,331700010000,NYC GEOG DIST #17 - BROOKLYN,04,American Indian/Alaska Native,26,24,24,10
2019-20,6/30/2020,KINGS,331700010000,NYC GEOG DIST #17 - BROOKLYN,05,Black,1454,1480,1303,1382
2019-20,6/30/2020,KINGS,331700010000,NYC GEOG DIST #17 - BROOKLYN,06,Hispanic,287,267,224,208
2019-20,6/30/2020,KINGS,331700010000,NYC GEOG DIST #17 - BROOKLYN,07,Asian/Pacific Islander,74,37,57,68
2019-20,6/30/2020,KINGS,331700010000,NYC GEOG DIST #17 - BROOKLYN,08,White,40,30,24,35
2019-20,6/30/2020,KINGS,331700010000,NYC GEOG DIST #17 - BROOKLYN,09,Multiracial,22,10,20,12
2019-20,6/30/2020,KINGS,331800010000,NYC GEOG DIST #18 - BROOKLYN,04,American Indian/Alaska Native,12,13,16,11
2019-20,6/30/2020,KINGS,331800010000,NYC GEOG DIST #18 - BROOKLYN,05,Black,717,735,718,851
2019-20,6/30/2020,KINGS,331800010000,NYC GEOG DIST #18 - BROOKLYN,06,Hispanic,114,92,87,86
2019-20,6/30/2020,KINGS,331800010000,NYC GEOG DIST #18 - BROOKLYN,07,Asian/Pacific Islander,28,23,18,13
2019-20,6/30/2020,KINGS,331800010000,NYC GEOG DIST #18 - BROOKLYN,08,White,35,28,29,26
2019-20,6/30/2020,KINGS,331800010000,NYC GEOG DIST #18 - BROOKLYN,09,Multiracial,7,3,5,1
2019-20,6/30/2020,KINGS,331900010000,NYC GEOG DIST #19 - BROOKLYN,04,American Indian/Alaska Native,25,27,19,15
2019-20,6/30/2020,KINGS,331900010000,NYC GEOG DIST #19 - BROOKLYN,05,Black,771,691,585,546
2019-20,6/30/2020,KINGS,331900010000,NYC GEOG DIST #19 - BROOKLYN,06,Hispanic,644,635,480,401
2019-20,6/30/2020,KINGS,331900010000,NYC GEOG DIST #19 - BROOKLYN,07,Asian/Pacific Islander,106,64,57,66
2019-20,6/30/2020,KINGS,331900010000,NYC GEOG DIST #19 - BROOKLYN,08,White,37,28,28,25
2019-20,6/30/2020,KINGS,331900010000,NYC GEOG DIST #19 - BROOKLYN,09,Multiracial,21,15,9,7
2019-20,6/30/2020,KINGS,332000010000,NYC GEOG DIST #20 - BROOKLYN,04,American Indian/Alaska Native,21,22,8,7
2019-20,6/30/2020,KINGS,332000010000,NYC GEOG DIST #20 - BROOKLYN,05,Black,178,176,137,145
2019-20,6/30/2020,KINGS,332000010000,NYC GEOG DIST #20 - BROOKLYN,06,Hispanic,1494,1264,824,833
2019-20,6/30/2020,KINGS,332000010000,NYC GEOG DIST #20 - BROOKLYN,07,Asian/Pacific Islander,1187,1226,984,998
2019-20,6/30/2020,KINGS,332000010000,NYC GEOG DIST #20 - BROOKLYN,08,White,892,913,774,710
2019-20,6/30/2020,KINGS,332000010000,NYC GEOG DIST #20 - BROOKLYN,09,Multiracial,54,49,18,28
2019-20,6/30/2020,KINGS,332100010000,NYC GEOG DIST #21 - BROOKLYN,04,American Indian/Alaska Native,24,15,8,16
2019-20,6/30/2020,KINGS,332100010000,NYC GEOG DIST #21 - BROOKLYN,05,Black,876,799,610,602
2019-20,6/30/2020,KINGS,332100010000,NYC GEOG DIST #21 - BROOKLYN,06,Hispanic,924,746,574,528
2019-20,6/30/2020,KINGS,332100010000,NYC GEOG DIST #21 - BROOKLYN,07,Asian/Pacific Islander,652,652,517,563
2019-20,6/30/2020,KINGS,332100010000,NYC GEOG DIST #21 - BROOKLYN,08,White,775,711,581,622
2019-20,6/30/2020,KINGS,332100010000,NYC GEOG DIST #21 - BROOKLYN,09,Multiracial,78,70,59,42
2019-20,6/30/2020,KINGS,332200010000,NYC GEOG DIST #22 - BROOKLYN,04,American Indian/Alaska Native,20,12,10,6
2019-20,6/30/2020,KINGS,332200010000,NYC GEOG DIST #22 - BROOKLYN,05,Black,587,628,560,600
2019-20,6/30/2020,KINGS,332200010000,NYC GEOG DIST #22 - BROOKLYN,06,Hispanic,436,439,328,337
2019-20,6/30/2020,KINGS,332200010000,NYC GEOG DIST #22 - BROOKLYN,07,Asian/Pacific Islander,636,736,643,589
2019-20,6/30/2020,KINGS,332200010000,NYC GEOG DIST #22 - BROOKLYN,08,White,899,994,798,789
2019-20,6/30/2020,KINGS,332200010000,NYC GEOG DIST #22 - BROOKLYN,09,Multiracial,40,40,30,30
2019-20,6/30/2020,KINGS,332300010000,NYC GEOG DIST #23 - BROOKLYN,04,American Indian/Alaska Native,3,5,5,3
2019-20,6/30/2020,KINGS,332300010000,NYC GEOG DIST #23 - BROOKLYN,05,Black,303,311,290,319
2019-20,6/30/2020,KINGS,332300010000,NYC GEOG DIST #23 - BROOKLYN,06,Hispanic,44,57,56,39
2019-20,6/30/2020,KINGS,332300010000,NYC GEOG DIST #23 - BROOKLYN,07,Asian/Pacific Islander,9,2,6,7
2019-20,6/30/2020,KINGS,332300010000,NYC GEOG DIST #23 - BROOKLYN,08,White,5,3,2,8
2019-20,6/30/2020,KINGS,332300010000,NYC GEOG DIST #23 - BROOKLYN,09,Multiracial,1,3,1,1
2019-20,6/30/2020,KINGS,333200010000,NYC GEOG DIST #32 - BROOKLYN,04,American Indian/Alaska Native,4,1,2,1
2019-20,6/30/2020,KINGS,333200010000,NYC GEOG DIST #32 - BROOKLYN,05,Black,112,132,106,99
2019-20,6/30/2020,KINGS,333200010000,NYC GEOG DIST #32 - BROOKLYN,06,Hispanic,517,490,441,400
2019-20,6/30/2020,KINGS,333200010000,NYC GEOG DIST #32 - BROOKLYN,07,Asian/Pacific Islander,18,11,10,10
2019-20,6/30/2020,KINGS,333200010000,NYC GEOG DIST #32 - BROOKLYN,08,White,19,15,14,15
2019-20,6/30/2020,KINGS,333200010000,NYC GEOG DIST #32 - BROOKLYN,09,Multiracial,5,1,6,6
2019-20,6/30/2020,QUEENS,342400010000,NYC GEOG DIST #24 - QUEENS,04,American Indian/Alaska Native,17,33,20,21
2019-20,6/30/2020,QUEENS,342400010000,NYC GEOG DIST #24 - QUEENS,05,Black,207,201,135,132
2019-20,6/30/2020,QUEENS,342400010000,NYC GEOG DIST #24 - QUEENS,06,Hispanic,2529,2198,1880,1811
2019-20,6/30/2020,QUEENS,342400010000,NYC GEOG DIST #24 - QUEENS,07,Asian/Pacific Islander,653,680,632,673
2019-20,6/30/2020,QUEENS,342400010000,NYC GEOG DIST #24 - QUEENS,08,White,406,365,398,425
2019-20,6/30/2020,QUEENS,342400010000,NYC GEOG DIST #24 - QUEENS,09,Multiracial,68,58,78,84
2019-20,6/30/2020,QUEENS,342500010000,NYC GEOG DIST #25 - QUEENS,04,American Indian/Alaska Native,27,30,21,19
2019-20,6/30/2020,QUEENS,342500010000,NYC GEOG DIST #25 - QUEENS,05,Black,415,354,320,266
2019-20,6/30/2020,QUEENS,342500010000,NYC GEOG DIST #25 - QUEENS,06,Hispanic,1297,1165,910,813
2019-20,6/30/2020,QUEENS,342500010000,NYC GEOG DIST #25 - QUEENS,07,Asian/Pacific Islander,783,823,770,724
2019-20,6/30/2020,QUEENS,342500010000,NYC GEOG DIST #25 - QUEENS,08,White,222,238,209,216
2019-20,6/30/2020,QUEENS,342500010000,NYC GEOG DIST #25 - QUEENS,09,Multiracial,80,69,51,54
2019-20,6/30/2020,QUEENS,342600010000,NYC GEOG DIST #26 - QUEENS,04,American Indian/Alaska Native,67,55,71,46
2019-20,6/30/2020,QUEENS,342600010000,NYC GEOG DIST #26 - QUEENS,05,Black,875,641,561,552
2019-20,6/30/2020,QUEENS,342600010000,NYC GEOG DIST #26 - QUEENS,06,Hispanic,1015,714,602,541
2019-20,6/30/2020,QUEENS,342600010000,NYC GEOG DIST #26 - QUEENS,07,Asian/Pacific Islander,1631,1504,1347,1380
2019-20,6/30/2020,QUEENS,342600010000,NYC GEOG DIST #26 - QUEENS,08,White,448,437,428,409
2019-20,6/30/2020,QUEENS,342600010000,NYC GEOG DIST #26 - QUEENS,09,Multiracial,76,38,23,20
2019-20,6/30/2020,QUEENS,342700010000,NYC GEOG DIST #27  - QUEENS,04,American Indian/Alaska Native,69,80,63,46
2019-20,6/30/2020,QUEENS,342700010000,NYC GEOG DIST #27  - QUEENS,05,Black,859,678,590,678
2019-20,6/30/2020,QUEENS,342700010000,NYC GEOG DIST #27  - QUEENS,06,Hispanic,1289,1009,746,780
2019-20,6/30/2020,QUEENS,342700010000,NYC GEOG DIST #27  - QUEENS,07,Asian/Pacific Islander,707,667,596,501
2019-20,6/30/2020,QUEENS,342700010000,NYC GEOG DIST #27  - QUEENS,08,White,228,232,243,196
2019-20,6/30/2020,QUEENS,342700010000,NYC GEOG DIST #27  - QUEENS,09,Multiracial,61,46,33,52
2019-20,6/30/2020,QUEENS,342800010000,NYC GEOG DIST #28 - QUEENS,04,American Indian/Alaska Native,146,142,123,88
2019-20,6/30/2020,QUEENS,342800010000,NYC GEOG DIST #28 - QUEENS,05,Black,722,763,725,698
2019-20,6/30/2020,QUEENS,342800010000,NYC GEOG DIST #28 - QUEENS,06,Hispanic,1319,1127,947,968
2019-20,6/30/2020,QUEENS,342800010000,NYC GEOG DIST #28 - QUEENS,07,Asian/Pacific Islander,1193,1202,1095,1001
2019-20,6/30/2020,QUEENS,342800010000,NYC GEOG DIST #28 - QUEENS,08,White,520,468,511,436
2019-20,6/30/2020,QUEENS,342800010000,NYC GEOG DIST #28 - QUEENS,09,Multiracial,92,80,102,68
2019-20,6/30/2020,QUEENS,342900010000,NYC GEOG DIST #29 - QUEENS,04,American Indian/Alaska Native,38,27,28,12
2019-20,6/30/2020,QUEENS,342900010000,NYC GEOG DIST #29 - QUEENS,05,Black,805,731,657,790
2019-20,6/30/2020,QUEENS,342900010000,NYC GEOG DIST #29 - QUEENS,06,Hispanic,159,104,89,91
2019-20,6/30/2020,QUEENS,342900010000,NYC GEOG DIST #29 - QUEENS,07,Asian/Pacific Islander,81,75,75,71
2019-20,6/30/2020,QUEENS,342900010000,NYC GEOG DIST #29 - QUEENS,08,White,17,15,9,19
2019-20,6/30/2020,QUEENS,342900010000,NYC GEOG DIST #29 - QUEENS,09,Multiracial,26,15,22,14
2019-20,6/30/2020,QUEENS,343000010000,NYC GEOG DIST #30 - QUEENS,04,American Indian/Alaska Native,8,21,16,13
2019-20,6/30/2020,QUEENS,343000010000,NYC GEOG DIST #30 - QUEENS,05,Black,242,188,156,187
2019-20,6/30/2020,QUEENS,343000010000,NYC GEOG DIST #30 - QUEENS,06,Hispanic,1554,1334,1204,1211
2019-20,6/30/2020,QUEENS,343000010000,NYC GEOG DIST #30 - QUEENS,07,Asian/Pacific Islander,488,511,549,521
2019-20,6/30/2020,QUEENS,343000010000,NYC GEOG DIST #30 - QUEENS,08,White,412,375,365,388
2019-20,6/30/2020,QUEENS,343000010000,NYC GEOG DIST #30 - QUEENS,09,Multiracial,66,61,40,27
2019-20,6/30/2020,RICHMOND,353100010000,NYC GEOG DIST #31 - SI,04,American Indian/Alaska Native,21,25,19,26
2019-20,6/30/2020,RICHMOND,353100010000,NYC GEOG DIST #31 - SI,05,Black,693,657,530,496
2019-20,6/30/2020,RICHMOND,353100010000,NYC GEOG DIST #31 - SI,06,Hispanic,1457,1260,1167,981
2019-20,6/30/2020,RICHMOND,353100010000,NYC GEOG DIST #31 - SI,07,Asian/Pacific Islander,579,593,583,534
2019-20,6/30/2020,RICHMOND,353100010000,NYC GEOG DIST #31 - SI,08,White,1961,2017,2126,1963
2019-20,6/30/2020,RICHMOND,353100010000,NYC GEOG DIST #31 - SI,09,Multiracial,103,82,34,21
2018-19,6/30/2019,NEW YORK,307500010000,NYC SPEC SCHOOLS - DIST 75,04,American Indian/Alaska Native,6,6,4,2
2018-19,6/30/2019,NEW YORK,307500010000,NYC SPEC SCHOOLS - DIST 75,05,Black,321,256,159,164
2018-19,6/30/2019,NEW YORK,307500010000,NYC SPEC SCHOOLS - DIST 75,06,Hispanic,216,199,127,135
2018-19,6/30/2019,NEW YORK,307500010000,NYC SPEC SCHOOLS - DIST 75,07,Asian/Pacific Islander,20,19,13,22
2018-19,6/30/2019,NEW YORK,307500010000,NYC SPEC SCHOOLS - DIST 75,08,White,39,73,31,48
2018-19,6/30/2019,NEW YORK,307500010000,NYC SPEC SCHOOLS - DIST 75,09,Multiracial,5,3,0,0
2018-19,6/30/2019,NEW YORK,310100010000,NYC GEOG DIST # 1 - MANHATTAN,04,American Indian/Alaska Native,9,6,3,4
2018-19,6/30/2019,NEW YORK,310100010000,NYC GEOG DIST # 1 - MANHATTAN,05,Black,127,164,168,148
2018-19,6/30/2019,NEW YORK,310100010000,NYC GEOG DIST # 1 - MANHATTAN,06,Hispanic,239,348,304,241
2018-19,6/30/2019,NEW YORK,310100010000,NYC GEOG DIST # 1 - MANHATTAN,07,Asian/Pacific Islander,172,224,192,269
2018-19,6/30/2019,NEW YORK,310100010000,NYC GEOG DIST # 1 - MANHATTAN,08,White,173,142,132,128
2018-19,6/30/2019,NEW YORK,310100010000,NYC GEOG DIST # 1 - MANHATTAN,09,Multiracial,14,14,4,10
2018-19,6/30/2019,NEW YORK,310200010000,NYC GEOG DIST # 2 - MANHATTAN,04,American Indian/Alaska Native,74,73,50,41
2018-19,6/30/2019,NEW YORK,310200010000,NYC GEOG DIST # 2 - MANHATTAN,05,Black,1790,1739,1765,1726
2018-19,6/30/2019,NEW YORK,310200010000,NYC GEOG DIST # 2 - MANHATTAN,06,Hispanic,4459,4098,3837,3371
2018-19,6/30/2019,NEW YORK,310200010000,NYC GEOG DIST # 2 - MANHATTAN,07,Asian/Pacific Islander,1585,1538,1543,1500
2018-19,6/30/2019,NEW YORK,310200010000,NYC GEOG DIST # 2 - MANHATTAN,08,White,1286,1234,1158,1089
2018-19,6/30/2019,NEW YORK,310200010000,NYC GEOG DIST # 2 - MANHATTAN,09,Multiracial,260,200,170,121
2018-19,6/30/2019,NEW YORK,310300010000,NYC GEOG DIST # 3 - MANHATTAN,04,American Indian/Alaska Native,8,19,9,11
2018-19,6/30/2019,NEW YORK,310300010000,NYC GEOG DIST # 3 - MANHATTAN,05,Black,420,486,474,476
2018-19,6/30/2019,NEW YORK,310300010000,NYC GEOG DIST # 3 - MANHATTAN,06,Hispanic,771,818,758,706
2018-19,6/30/2019,NEW YORK,310300010000,NYC GEOG DIST # 3 - MANHATTAN,07,Asian/Pacific Islander,218,265,230,213
2018-19,6/30/2019,NEW YORK,310300010000,NYC GEOG DIST # 3 - MANHATTAN,08,White,647,647,570,563
2018-19,6/30/2019,NEW YORK,310300010000,NYC GEOG DIST # 3 - MANHATTAN,09,Multiracial,140,110,97,100
2018-19,6/30/2019,NEW YORK,310400010000,NYC GEOG DIST # 4 - MANHATTAN,04,American Indian/Alaska Native,7,7,9,2
2018-19,6/30/2019,NEW YORK,310400010000,NYC GEOG DIST # 4 - MANHATTAN,05,Black,200,192,163,175
2018-19,6/30/2019,NEW YORK,310400010000,NYC GEOG DIST # 4 - MANHATTAN,06,Hispanic,520,548,517,489
2018-19,6/30/2019,NEW YORK,310400010000,NYC GEOG DIST # 4 - MANHATTAN,07,Asian/Pacific Islander,122,141,125,102
2018-19,6/30/2019,NEW YORK,310400010000,NYC GEOG DIST # 4 - MANHATTAN,08,White,49,31,43,32
2018-19,6/30/2019,NEW YORK,310400010000,NYC GEOG DIST # 4 - MANHATTAN,09,Multiracial,19,9,8,12
2018-19,6/30/2019,NEW YORK,310500010000,NYC GEOG DIST # 5 - MANHATTAN,04,American Indian/Alaska Native,12,8,8,4
2018-19,6/30/2019,NEW YORK,310500010000,NYC GEOG DIST # 5 - MANHATTAN,05,Black,460,456,426,373
2018-19,6/30/2019,NEW YORK,310500010000,NYC GEOG DIST # 5 - MANHATTAN,06,Hispanic,355,309,253,279
2018-19,6/30/2019,NEW YORK,310500010000,NYC GEOG DIST # 5 - MANHATTAN,07,Asian/Pacific Islander,43,76,60,53
2018-19,6/30/2019,NEW YORK,310500010000,NYC GEOG DIST # 5 - MANHATTAN,08,White,87,83,83,62
2018-19,6/30/2019,NEW YORK,310500010000,NYC GEOG DIST # 5 - MANHATTAN,09,Multiracial,33,27,28,20
2018-19,6/30/2019,NEW YORK,310600010000,NYC GEOG DIST # 6 - MANHATTAN,04,American Indian/Alaska Native,10,3,3,4
2018-19,6/30/2019,NEW YORK,310600010000,NYC GEOG DIST # 6 - MANHATTAN,05,Black,249,207,124,145
2018-19,6/30/2019,NEW YORK,310600010000,NYC GEOG DIST # 6 - MANHATTAN,06,Hispanic,1249,1249,922,1007
2018-19,6/30/2019,NEW YORK,310600010000,NYC GEOG DIST # 6 - MANHATTAN,07,Asian/Pacific Islander,40,26,20,24
2018-19,6/30/2019,NEW YORK,310600010000,NYC GEOG DIST # 6 - MANHATTAN,08,White,33,17,21,15
2018-19,6/30/2019,NEW YORK,310600010000,NYC GEOG DIST # 6 - MANHATTAN,09,Multiracial,7,9,3,4
2018-19,6/30/2019,BRONX,320700010000,NYC GEOG DIST # 7 - BRONX,04,American Indian/Alaska Native,17,16,10,15
2018-19,6/30/2019,BRONX,320700010000,NYC GEOG DIST # 7 - BRONX,05,Black,464,508,426,390
2018-19,6/30/2019,BRONX,320700010000,NYC GEOG DIST # 7 - BRONX,06,Hispanic,1173,1267,1028,1059
2018-19,6/30/2019,BRONX,320700010000,NYC GEOG DIST # 7 - BRONX,07,Asian/Pacific Islander,19,30,22,25
2018-19,6/30/2019,BRONX,320700010000,NYC GEOG DIST # 7 - BRONX,08,White,22,34,24,21
2018-19,6/30/2019,BRONX,320700010000,NYC GEOG DIST # 7 - BRONX,09,Multiracial,9,11,4,12
2018-19,6/30/2019,BRONX,320800010000,NYC GEOG DIST # 8 - BRONX,04,American Indian/Alaska Native,37,16,15,19
2018-19,6/30/2019,BRONX,320800010000,NYC GEOG DIST # 8 - BRONX,05,Black,524,518,381,346
2018-19,6/30/2019,BRONX,320800010000,NYC GEOG DIST # 8 - BRONX,06,Hispanic,1212,1117,923,857
2018-19,6/30/2019,BRONX,320800010000,NYC GEOG DIST # 8 - BRONX,07,Asian/Pacific Islander,113,99,116,102
2018-19,6/30/2019,BRONX,320800010000,NYC GEOG DIST # 8 - BRONX,08,White,102,101,81,73
2018-19,6/30/2019,BRONX,320800010000,NYC GEOG DIST # 8 - BRONX,09,Multiracial,3,3,3,4
2018-19,6/30/2019,BRONX,320900010000,NYC GEOG DIST # 9 - BRONX,04,American Indian/Alaska Native,18,15,13,6
2018-19,6/30/2019,BRONX,320900010000,NYC GEOG DIST # 9 - BRONX,05,Black,627,542,508,468
2018-19,6/30/2019,BRONX,320900010000,NYC GEOG DIST # 9 - BRONX,06,Hispanic,1469,1496,1252,1228
2018-19,6/30/2019,BRONX,320900010000,NYC GEOG DIST # 9 - BRONX,07,Asian/Pacific Islander,44,44,43,43
2018-19,6/30/2019,BRONX,320900010000,NYC GEOG DIST # 9 - BRONX,08,White,35,35,29,21
2018-19,6/30/2019,BRONX,320900010000,NYC GEOG DIST # 9 - BRONX,09,Multiracial,12,12,5,7
2018-19,6/30/2019,BRONX,321000010000,NYC GEOG DIST #10 - BRONX,04,American Indian/Alaska Native,43,50,49,38
2018-19,6/30/2019,BRONX,321000010000,NYC GEOG DIST #10 - BRONX,05,Black,757,672,603,583
2018-19,6/30/2019,BRONX,321000010000,NYC GEOG DIST #10 - BRONX,06,Hispanic,2441,2307,1981,1684
2018-19,6/30/2019,BRONX,321000010000,NYC GEOG DIST #10 - BRONX,07,Asian/Pacific Islander,645,657,614,628
2018-19,6/30/2019,BRONX,321000010000,NYC GEOG DIST #10 - BRONX,08,White,347,351,366,323
2018-19,6/30/2019,BRONX,321000010000,NYC GEOG DIST #10 - BRONX,09,Multiracial,63,21,47,44
2018-19,6/30/2019,BRONX,321100010000,NYC GEOG DIST #11 - BRONX,04,American Indian/Alaska Native,35,30,22,19
2018-19,6/30/2019,BRONX,321100010000,NYC GEOG DIST #11 - BRONX,05,Black,1002,893,748,703
2018-19,6/30/2019,BRONX,321100010000,NYC GEOG DIST #11 - BRONX,06,Hispanic,1295,1070,854,879
2018-19,6/30/2019,BRONX,321100010000,NYC GEOG DIST #11 - BRONX,07,Asian/Pacific Islander,143,135,122,108
2018-19,6/30/2019,BRONX,321100010000,NYC GEOG DIST #11 - BRONX,08,White,152,141,135,96
2018-19,6/30/2019,BRONX,321100010000,NYC GEOG DIST #11 - BRONX,09,Multiracial,19,13,8,5
2018-19,6/30/2019,BRONX,321200010000,NYC GEOG DIST #12 - BRONX,04,American Indian/Alaska Native,14,15,12,16
2018-19,6/30/2019,BRONX,321200010000,NYC GEOG DIST #12 - BRONX,05,Black,337,383,314,304
2018-19,6/30/2019,BRONX,321200010000,NYC GEOG DIST #12 - BRONX,06,Hispanic,999,970,901,848
2018-19,6/30/2019,BRONX,321200010000,NYC GEOG DIST #12 - BRONX,07,Asian/Pacific Islander,32,29,32,33
2018-19,6/30/2019,BRONX,321200010000,NYC GEOG DIST #12 - BRONX,08,White,39,20,17,13
2018-19,6/30/2019,BRONX,321200010000,NYC GEOG DIST #12 - BRONX,09,Multiracial,8,4,5,3
2018-19,6/30/2019,KINGS,331300010000,NYC GEOG DIST #13 - BROOKLYN,04,American Indian/Alaska Native,27,25,20,10
2018-19,6/30/2019,KINGS,331300010000,NYC GEOG DIST #13 - BROOKLYN,05,Black,976,1078,974,1008
2018-19,6/30/2019,KINGS,331300010000,NYC GEOG DIST #13 - BROOKLYN,06,Hispanic,453,411,367,330
2018-19,6/30/2019,KINGS,331300010000,NYC GEOG DIST #13 - BROOKLYN,07,Asian/Pacific Islander,969,1004,1000,930
2018-19,6/30/2019,KINGS,331300010000,NYC GEOG DIST #13 - BROOKLYN,08,White,414,443,406,378
2018-19,6/30/2019,KINGS,331300010000,NYC GEOG DIST #13 - BROOKLYN,09,Multiracial,65,43,28,20
2018-19,6/30/2019,KINGS,331400010000,NYC GEOG DIST #14 - BROOKLYN,04,American Indian/Alaska Native,18,7,7,10
2018-19,6/30/2019,KINGS,331400010000,NYC GEOG DIST #14 - BROOKLYN,05,Black,408,389,407,401
2018-19,6/30/2019,KINGS,331400010000,NYC GEOG DIST #14 - BROOKLYN,06,Hispanic,936,868,869,757
2018-19,6/30/2019,KINGS,331400010000,NYC GEOG DIST #14 - BROOKLYN,07,Asian/Pacific Islander,168,139,108,99
2018-19,6/30/2019,KINGS,331400010000,NYC GEOG DIST #14 - BROOKLYN,08,White,79,72,63,71
2018-19,6/30/2019,KINGS,331400010000,NYC GEOG DIST #14 - BROOKLYN,09,Multiracial,29,23,24,23
2018-19,6/30/2019,KINGS,331500010000,NYC GEOG DIST #15 - BROOKLYN,04,American Indian/Alaska Native,11,14,8,10
2018-19,6/30/2019,KINGS,331500010000,NYC GEOG DIST #15 - BROOKLYN,05,Black,626,719,530,568
2018-19,6/30/2019,KINGS,331500010000,NYC GEOG DIST #15 - BROOKLYN,06,Hispanic,646,723,574,554
2018-19,6/30/2019,KINGS,331500010000,NYC GEOG DIST #15 - BROOKLYN,07,Asian/Pacific Islander,130,112,83,72
2018-19,6/30/2019,KINGS,331500010000,NYC GEOG DIST #15 - BROOKLYN,08,White,213,221,150,142
2018-19,6/30/2019,KINGS,331500010000,NYC GEOG DIST #15 - BROOKLYN,09,Multiracial,63,28,35,28
2018-19,6/30/2019,KINGS,331600010000,NYC GEOG DIST #16 - BROOKLYN,04,American Indian/Alaska Native,10,4,6,5
2018-19,6/30/2019,KINGS,331600010000,NYC GEOG DIST #16 - BROOKLYN,05,Black,281,320,351,383
2018-19,6/30/2019,KINGS,331600010000,NYC GEOG DIST #16 - BROOKLYN,06,Hispanic,96,81,79,93
2018-19,6/30/2019,KINGS,331600010000,NYC GEOG DIST #16 - BROOKLYN,07,Asian/Pacific Islander,9,16,8,10
2018-19,6/30/2019,KINGS,331600010000,NYC GEOG DIST #16 - BROOKLYN,08,White,8,8,10,12
2018-19,6/30/2019,KINGS,331600010000,NYC GEOG DIST #16 - BROOKLYN,09,Multiracial,6,6,4,4
2018-19,6/30/2019,KINGS,331700010000,NYC GEOG DIST #17 - BROOKLYN,04,American Indian/Alaska Native,22,26,9,19
2018-19,6/30/2019,KINGS,331700010000,NYC GEOG DIST #17 - BROOKLYN,05,Black,1457,1424,1346,1354
2018-19,6/30/2019,KINGS,331700010000,NYC GEOG DIST #17 - BROOKLYN,06,Hispanic,269,250,187,201
2018-19,6/30/2019,KINGS,331700010000,NYC GEOG DIST #17 - BROOKLYN,07,Asian/Pacific Islander,46,55,62,52
2018-19,6/30/2019,KINGS,331700010000,NYC GEOG DIST #17 - BROOKLYN,08,White,30,27,39,35
2018-19,6/30/2019,KINGS,331700010000,NYC GEOG DIST #17 - BROOKLYN,09,Multiracial,16,21,12,15
2018-19,6/30/2019,KINGS,331800010000,NYC GEOG DIST #18 - BROOKLYN,04,American Indian/Alaska Native,12,15,10,5
2018-19,6/30/2019,KINGS,331800010000,NYC GEOG DIST #18 - BROOKLYN,05,Black,803,842,775,829
2018-19,6/30/2019,KINGS,331800010000,NYC GEOG DIST #18 - BROOKLYN,06,Hispanic,103,112,91,83
2018-19,6/30/2019,KINGS,331800010000,NYC GEOG DIST #18 - BROOKLYN,07,Asian/Pacific Islander,29,16,18,20
2018-19,6/30/2019,KINGS,331800010000,NYC GEOG DIST #18 - BROOKLYN,08,White,39,33,31,32
2018-19,6/30/2019,KINGS,331800010000,NYC GEOG DIST #18 - BROOKLYN,09,Multiracial,3,3,4,4
2018-19,6/30/2019,KINGS,331900010000,NYC GEOG DIST #19 - BROOKLYN,04,American Indian/Alaska Native,20,20,14,12
2018-19,6/30/2019,KINGS,331900010000,NYC GEOG DIST #19 - BROOKLYN,05,Black,756,700,560,554
2018-19,6/30/2019,KINGS,331900010000,NYC GEOG DIST #19 - BROOKLYN,06,Hispanic,681,547,442,379
2018-19,6/30/2019,KINGS,331900010000,NYC GEOG DIST #19 - BROOKLYN,07,Asian/Pacific Islander,69,69,72,58
2018-19,6/30/2019,KINGS,331900010000,NYC GEOG DIST #19 - BROOKLYN,08,White,33,34,27,18
2018-19,6/30/2019,KINGS,331900010000,NYC GEOG DIST #19 - BROOKLYN,09,Multiracial,21,11,9,14
2018-19,6/30/2019,KINGS,332000010000,NYC GEOG DIST #20 - BROOKLYN,04,American Indian/Alaska Native,18,7,11,9
2018-19,6/30/2019,KINGS,332000010000,NYC GEOG DIST #20 - BROOKLYN,05,Black,194,193,143,152
2018-19,6/30/2019,KINGS,332000010000,NYC GEOG DIST #20 - BROOKLYN,06,Hispanic,1347,1220,865,723
2018-19,6/30/2019,KINGS,332000010000,NYC GEOG DIST #20 - BROOKLYN,07,Asian/Pacific Islander,1169,1198,906,1017
2018-19,6/30/2019,KINGS,332000010000,NYC GEOG DIST #20 - BROOKLYN,08,White,936,931,686,763
2018-19,6/30/2019,KINGS,332000010000,NYC GEOG DIST #20 - BROOKLYN,09,Multiracial,54,25,27,31
2018-19,6/30/2019,KINGS,332100010000,NYC GEOG DIST #21 - BROOKLYN,04,American Indian/Alaska Native,17,14,16,19
2018-19,6/30/2019,KINGS,332100010000,NYC GEOG DIST #21 - BROOKLYN,05,Black,938,877,650,645
2018-19,6/30/2019,KINGS,332100010000,NYC GEOG DIST #21 - BROOKLYN,06,Hispanic,834,757,549,516
2018-19,6/30/2019,KINGS,332100010000,NYC GEOG DIST #21 - BROOKLYN,07,Asian/Pacific Islander,640,601,566,557
2018-19,6/30/2019,KINGS,332100010000,NYC GEOG DIST #21 - BROOKLYN,08,White,735,703,643,639
2018-19,6/30/2019,KINGS,332100010000,NYC GEOG DIST #21 - BROOKLYN,09,Multiracial,63,75,41,34
2018-19,6/30/2019,KINGS,332200010000,NYC GEOG DIST #22 - BROOKLYN,04,American Indian/Alaska Native,11,11,7,4
2018-19,6/30/2019,KINGS,332200010000,NYC GEOG DIST #22 - BROOKLYN,05,Black,655,695,569,550
2018-19,6/30/2019,KINGS,332200010000,NYC GEOG DIST #22 - BROOKLYN,06,Hispanic,438,417,324,301
2018-19,6/30/2019,KINGS,332200010000,NYC GEOG DIST #22 - BROOKLYN,07,Asian/Pacific Islander,709,722,570,676
2018-19,6/30/2019,KINGS,332200010000,NYC GEOG DIST #22 - BROOKLYN,08,White,995,939,767,754
2018-19,6/30/2019,KINGS,332200010000,NYC GEOG DIST #22 - BROOKLYN,09,Multiracial,54,46,32,35
2018-19,6/30/2019,KINGS,332300010000,NYC GEOG DIST #23 - BROOKLYN,04,American Indian/Alaska Native,3,7,3,5
2018-19,6/30/2019,KINGS,332300010000,NYC GEOG DIST #23 - BROOKLYN,05,Black,291,297,311,348
2018-19,6/30/2019,KINGS,332300010000,NYC GEOG DIST #23 - BROOKLYN,06,Hispanic,55,61,36,57
2018-19,6/30/2019,KINGS,332300010000,NYC GEOG DIST #23 - BROOKLYN,07,Asian/Pacific Islander,3,2,9,2
2018-19,6/30/2019,KINGS,332300010000,NYC GEOG DIST #23 - BROOKLYN,08,White,1,2,6,2
2018-19,6/30/2019,KINGS,332300010000,NYC GEOG DIST #23 - BROOKLYN,09,Multiracial,2,1,1,1
2018-19,6/30/2019,KINGS,333200010000,NYC GEOG DIST #32 - BROOKLYN,04,American Indian/Alaska Native,1,2,2,0
2018-19,6/30/2019,KINGS,333200010000,NYC GEOG DIST #32 - BROOKLYN,05,Black,124,118,101,112
2018-19,6/30/2019,KINGS,333200010000,NYC GEOG DIST #32 - BROOKLYN,06,Hispanic,410,431,414,409
2018-19,6/30/2019,KINGS,333200010000,NYC GEOG DIST #32 - BROOKLYN,07,Asian/Pacific Islander,10,12,10,13
2018-19,6/30/2019,KINGS,333200010000,NYC GEOG DIST #32 - BROOKLYN,08,White,16,15,16,12
2018-19,6/30/2019,KINGS,333200010000,NYC GEOG DIST #32 - BROOKLYN,09,Multiracial,2,6,4,6
2018-19,6/30/2019,QUEENS,342400010000,NYC GEOG DIST #24 - QUEENS,04,American Indian/Alaska Native,31,23,14,18
2018-19,6/30/2019,QUEENS,342400010000,NYC GEOG DIST #24 - QUEENS,05,Black,245,172,137,168
2018-19,6/30/2019,QUEENS,342400010000,NYC GEOG DIST #24 - QUEENS,06,Hispanic,2380,2299,1749,1908
2018-19,6/30/2019,QUEENS,342400010000,NYC GEOG DIST #24 - QUEENS,07,Asian/Pacific Islander,714,671,604,689
2018-19,6/30/2019,QUEENS,342400010000,NYC GEOG DIST #24 - QUEENS,08,White,385,449,372,410
2018-19,6/30/2019,QUEENS,342400010000,NYC GEOG DIST #24 - QUEENS,09,Multiracial,67,83,83,56
2018-19,6/30/2019,QUEENS,342500010000,NYC GEOG DIST #25 - QUEENS,04,American Indian/Alaska Native,35,25,22,18
2018-19,6/30/2019,QUEENS,342500010000,NYC GEOG DIST #25 - QUEENS,05,Black,501,376,318,309
2018-19,6/30/2019,QUEENS,342500010000,NYC GEOG DIST #25 - QUEENS,06,Hispanic,1215,1049,953,804
2018-19,6/30/2019,QUEENS,342500010000,NYC GEOG DIST #25 - QUEENS,07,Asian/Pacific Islander,837,807,789,723
2018-19,6/30/2019,QUEENS,342500010000,NYC GEOG DIST #25 - QUEENS,08,White,235,216,227,236
2018-19,6/30/2019,QUEENS,342500010000,NYC GEOG DIST #25 - QUEENS,09,Multiracial,78,50,57,25
2018-19,6/30/2019,QUEENS,342600010000,NYC GEOG DIST #26 - QUEENS,04,American Indian/Alaska Native,68,79,48,39
2018-19,6/30/2019,QUEENS,342600010000,NYC GEOG DIST #26 - QUEENS,05,Black,862,679,580,622
2018-19,6/30/2019,QUEENS,342600010000,NYC GEOG DIST #26 - QUEENS,06,Hispanic,1000,675,611,588
2018-19,6/30/2019,QUEENS,342600010000,NYC GEOG DIST #26 - QUEENS,07,Asian/Pacific Islander,1612,1400,1413,1403
2018-19,6/30/2019,QUEENS,342600010000,NYC GEOG DIST #26 - QUEENS,08,White,538,466,423,436
2018-19,6/30/2019,QUEENS,342600010000,NYC GEOG DIST #26 - QUEENS,09,Multiracial,61,26,21,23
2018-19,6/30/2019,QUEENS,342700010000,NYC GEOG DIST #27  - QUEENS,04,American Indian/Alaska Native,128,108,61,54
2018-19,6/30/2019,QUEENS,342700010000,NYC GEOG DIST #27  - QUEENS,05,Black,883,720,590,497
2018-19,6/30/2019,QUEENS,342700010000,NYC GEOG DIST #27  - QUEENS,06,Hispanic,1116,942,812,705
2018-19,6/30/2019,QUEENS,342700010000,NYC GEOG DIST #27  - QUEENS,07,Asian/Pacific Islander,684,633,511,483
2018-19,6/30/2019,QUEENS,342700010000,NYC GEOG DIST #27  - QUEENS,08,White,259,261,190,186
2018-19,6/30/2019,QUEENS,342700010000,NYC GEOG DIST #27  - QUEENS,09,Multiracial,53,40,48,51
2018-19,6/30/2019,QUEENS,342800010000,NYC GEOG DIST #28 - QUEENS,04,American Indian/Alaska Native,151,141,94,97
2018-19,6/30/2019,QUEENS,342800010000,NYC GEOG DIST #28 - QUEENS,05,Black,789,826,754,739
2018-19,6/30/2019,QUEENS,342800010000,NYC GEOG DIST #28 - QUEENS,06,Hispanic,1221,1096,1019,973
2018-19,6/30/2019,QUEENS,342800010000,NYC GEOG DIST #28 - QUEENS,07,Asian/Pacific Islander,1281,1141,1016,1122
2018-19,6/30/2019,QUEENS,342800010000,NYC GEOG DIST #28 - QUEENS,08,White,493,533,470,498
2018-19,6/30/2019,QUEENS,342800010000,NYC GEOG DIST #28 - QUEENS,09,Multiracial,78,109,72,53
2018-19,6/30/2019,QUEENS,342900010000,NYC GEOG DIST #29 - QUEENS,04,American Indian/Alaska Native,32,29,9,23
2018-19,6/30/2019,QUEENS,342900010000,NYC GEOG DIST #29 - QUEENS,05,Black,726,809,834,842
2018-19,6/30/2019,QUEENS,342900010000,NYC GEOG DIST #29 - QUEENS,06,Hispanic,120,126,94,93
2018-19,6/30/2019,QUEENS,342900010000,NYC GEOG DIST #29 - QUEENS,07,Asian/Pacific Islander,101,83,78,66
2018-19,6/30/2019,QUEENS,342900010000,NYC GEOG DIST #29 - QUEENS,08,White,15,15,18,16
2018-19,6/30/2019,QUEENS,342900010000,NYC GEOG DIST #29 - QUEENS,09,Multiracial,15,21,13,14
2018-19,6/30/2019,QUEENS,343000010000,NYC GEOG DIST #30 - QUEENS,04,American Indian/Alaska Native,23,16,12,20
2018-19,6/30/2019,QUEENS,343000010000,NYC GEOG DIST #30 - QUEENS,05,Black,260,207,175,177
2018-19,6/30/2019,QUEENS,343000010000,NYC GEOG DIST #30 - QUEENS,06,Hispanic,1588,1409,1228,1095
2018-19,6/30/2019,QUEENS,343000010000,NYC GEOG DIST #30 - QUEENS,07,Asian/Pacific Islander,555,583,488,531
2018-19,6/30/2019,QUEENS,343000010000,NYC GEOG DIST #30 - QUEENS,08,White,381,393,391,379
2018-19,6/30/2019,QUEENS,343000010000,NYC GEOG DIST #30 - QUEENS,09,Multiracial,66,47,39,24
2018-19,6/30/2019,RICHMOND,353100010000,NYC GEOG DIST #31 - SI,04,American Indian/Alaska Native,24,18,29,23
2018-19,6/30/2019,RICHMOND,353100010000,NYC GEOG DIST #31 - SI,05,Black,776,617,574,476
2018-19,6/30/2019,RICHMOND,353100010000,NYC GEOG DIST #31 - SI,06,Hispanic,1423,1234,1115,914
2018-19,6/30/2019,RICHMOND,353100010000,NYC GEOG DIST #31 - SI,07,Asian/Pacific Islander,579,570,556,446
2018-19,6/30/2019,RICHMOND,353100010000,NYC GEOG DIST #31 - SI,08,White,2071,2117,2131,1836
2018-19,6/30/2019,RICHMOND,353100010000,NYC GEOG DIST #31 - SI,09,Multiracial,101,46,20,32
2017-18,10/11/2018,NEW YORK,307500010000,NYC SPEC SCHOOLS - DIST 75,04,American Indian/Alaska Native,7,8,1,1
2017-18,10/11/2018,NEW YORK,307500010000,NYC SPEC SCHOOLS - DIST 75,05,Black,323,303,153,161
2017-18,10/11/2018,NEW YORK,307500010000,NYC SPEC SCHOOLS - DIST 75,06,Hispanic,261,217,93,124
2017-18,10/11/2018,NEW YORK,307500010000,NYC SPEC SCHOOLS - DIST 75,07,Asian/Pacific Islander,17,12,9,18
2017-18,10/11/2018,NEW YORK,307500010000,NYC SPEC SCHOOLS - DIST 75,08,White,56,56,41,52
2017-18,10/11/2018,NEW YORK,307500010000,NYC SPEC SCHOOLS - DIST 75,09,Multiracial,1,2,0,2
2017-18,10/11/2018,NEW YORK,310100010000,NYC GEOG DIST # 1 - MANHATTAN,04,American Indian/Alaska Native,6,8,3,8
2017-18,10/11/2018,NEW YORK,310100010000,NYC GEOG DIST # 1 - MANHATTAN,05,Black,120,184,151,162
2017-18,10/11/2018,NEW YORK,310100010000,NYC GEOG DIST # 1 - MANHATTAN,06,Hispanic,282,337,274,290
2017-18,10/11/2018,NEW YORK,310100010000,NYC GEOG DIST # 1 - MANHATTAN,07,Asian/Pacific Islander,141,229,290,193
2017-18,10/11/2018,NEW YORK,310100010000,NYC GEOG DIST # 1 - MANHATTAN,08,White,142,131,135,118
2017-18,10/11/2018,NEW YORK,310100010000,NYC GEOG DIST # 1 - MANHATTAN,09,Multiracial,13,5,10,11
2017-18,10/11/2018,NEW YORK,310200010000,NYC GEOG DIST # 2 - MANHATTAN,04,American Indian/Alaska Native,77,64,45,33
2017-18,10/11/2018,NEW YORK,310200010000,NYC GEOG DIST # 2 - MANHATTAN,05,Black,1839,1998,1751,1773
2017-18,10/11/2018,NEW YORK,310200010000,NYC GEOG DIST # 2 - MANHATTAN,06,Hispanic,4260,4297,3579,3624
2017-18,10/11/2018,NEW YORK,310200010000,NYC GEOG DIST # 2 - MANHATTAN,07,Asian/Pacific Islander,1503,1585,1537,1601
2017-18,10/11/2018,NEW YORK,310200010000,NYC GEOG DIST # 2 - MANHATTAN,08,White,1236,1161,1114,1047
2017-18,10/11/2018,NEW YORK,310200010000,NYC GEOG DIST # 2 - MANHATTAN,09,Multiracial,277,248,184,195
2017-18,10/11/2018,NEW YORK,310300010000,NYC GEOG DIST # 3 - MANHATTAN,04,American Indian/Alaska Native,20,8,11,4
2017-18,10/11/2018,NEW YORK,310300010000,NYC GEOG DIST # 3 - MANHATTAN,05,Black,440,518,477,449
2017-18,10/11/2018,NEW YORK,310300010000,NYC GEOG DIST # 3 - MANHATTAN,06,Hispanic,820,802,785,743
2017-18,10/11/2018,NEW YORK,310300010000,NYC GEOG DIST # 3 - MANHATTAN,07,Asian/Pacific Islander,265,240,212,220
2017-18,10/11/2018,NEW YORK,310300010000,NYC GEOG DIST # 3 - MANHATTAN,08,White,650,592,580,540
2017-18,10/11/2018,NEW YORK,310300010000,NYC GEOG DIST # 3 - MANHATTAN,09,Multiracial,131,100,102,52
2017-18,10/11/2018,NEW YORK,310400010000,NYC GEOG DIST # 4 - MANHATTAN,04,American Indian/Alaska Native,7,9,2,5
2017-18,10/11/2018,NEW YORK,310400010000,NYC GEOG DIST # 4 - MANHATTAN,05,Black,205,180,196,181
2017-18,10/11/2018,NEW YORK,310400010000,NYC GEOG DIST # 4 - MANHATTAN,06,Hispanic,573,574,505,510
2017-18,10/11/2018,NEW YORK,310400010000,NYC GEOG DIST # 4 - MANHATTAN,07,Asian/Pacific Islander,106,124,103,107
2017-18,10/11/2018,NEW YORK,310400010000,NYC GEOG DIST # 4 - MANHATTAN,08,White,25,54,28,42
2017-18,10/11/2018,NEW YORK,310400010000,NYC GEOG DIST # 4 - MANHATTAN,09,Multiracial,23,12,18,13
2017-18,10/11/2018,NEW YORK,310500010000,NYC GEOG DIST # 5 - MANHATTAN,04,American Indian/Alaska Native,6,9,2,1
2017-18,10/11/2018,NEW YORK,310500010000,NYC GEOG DIST # 5 - MANHATTAN,05,Black,474,513,375,406
2017-18,10/11/2018,NEW YORK,310500010000,NYC GEOG DIST # 5 - MANHATTAN,06,Hispanic,363,291,283,291
2017-18,10/11/2018,NEW YORK,310500010000,NYC GEOG DIST # 5 - MANHATTAN,07,Asian/Pacific Islander,78,64,53,76
2017-18,10/11/2018,NEW YORK,310500010000,NYC GEOG DIST # 5 - MANHATTAN,08,White,82,76,61,54
2017-18,10/11/2018,NEW YORK,310500010000,NYC GEOG DIST # 5 - MANHATTAN,09,Multiracial,39,37,25,18
2017-18,10/11/2018,NEW YORK,310600010000,NYC GEOG DIST # 6 - MANHATTAN,04,American Indian/Alaska Native,5,5,3,4
2017-18,10/11/2018,NEW YORK,310600010000,NYC GEOG DIST # 6 - MANHATTAN,05,Black,268,184,142,146
2017-18,10/11/2018,NEW YORK,310600010000,NYC GEOG DIST # 6 - MANHATTAN,06,Hispanic,1253,1139,1004,999
2017-18,10/11/2018,NEW YORK,310600010000,NYC GEOG DIST # 6 - MANHATTAN,07,Asian/Pacific Islander,33,26,25,23
2017-18,10/11/2018,NEW YORK,310600010000,NYC GEOG DIST # 6 - MANHATTAN,08,White,22,27,18,15
2017-18,10/11/2018,NEW YORK,310600010000,NYC GEOG DIST # 6 - MANHATTAN,09,Multiracial,15,12,9,9
2017-18,10/11/2018,BRONX,320700010000,NYC GEOG DIST # 7 - BRONX,04,American Indian/Alaska Native,11,10,11,5
2017-18,10/11/2018,BRONX,320700010000,NYC GEOG DIST # 7 - BRONX,05,Black,530,518,396,484
2017-18,10/11/2018,BRONX,320700010000,NYC GEOG DIST # 7 - BRONX,06,Hispanic,1280,1299,1132,1043
2017-18,10/11/2018,BRONX,320700010000,NYC GEOG DIST # 7 - BRONX,07,Asian/Pacific Islander,28,28,20,30
2017-18,10/11/2018,BRONX,320700010000,NYC GEOG DIST # 7 - BRONX,08,White,34,26,28,18
2017-18,10/11/2018,BRONX,320700010000,NYC GEOG DIST # 7 - BRONX,09,Multiracial,18,5,13,6
2017-18,10/11/2018,BRONX,320800010000,NYC GEOG DIST # 8 - BRONX,04,American Indian/Alaska Native,24,12,19,18
2017-18,10/11/2018,BRONX,320800010000,NYC GEOG DIST # 8 - BRONX,05,Black,530,456,412,403
2017-18,10/11/2018,BRONX,320800010000,NYC GEOG DIST # 8 - BRONX,06,Hispanic,1196,1092,1027,948
2017-18,10/11/2018,BRONX,320800010000,NYC GEOG DIST # 8 - BRONX,07,Asian/Pacific Islander,93,123,116,104
2017-18,10/11/2018,BRONX,320800010000,NYC GEOG DIST # 8 - BRONX,08,White,118,109,77,70
2017-18,10/11/2018,BRONX,320800010000,NYC GEOG DIST # 8 - BRONX,09,Multiracial,12,16,15,6
2017-18,10/11/2018,BRONX,320900010000,NYC GEOG DIST # 9 - BRONX,04,American Indian/Alaska Native,9,10,5,5
2017-18,10/11/2018,BRONX,320900010000,NYC GEOG DIST # 9 - BRONX,05,Black,594,632,480,532
2017-18,10/11/2018,BRONX,320900010000,NYC GEOG DIST # 9 - BRONX,06,Hispanic,1648,1478,1240,1199
2017-18,10/11/2018,BRONX,320900010000,NYC GEOG DIST # 9 - BRONX,07,Asian/Pacific Islander,47,38,41,50
2017-18,10/11/2018,BRONX,320900010000,NYC GEOG DIST # 9 - BRONX,08,White,34,35,30,15
2017-18,10/11/2018,BRONX,320900010000,NYC GEOG DIST # 9 - BRONX,09,Multiracial,18,12,14,13
2017-18,10/11/2018,BRONX,321000010000,NYC GEOG DIST #10 - BRONX,04,American Indian/Alaska Native,39,43,42,52
2017-18,10/11/2018,BRONX,321000010000,NYC GEOG DIST #10 - BRONX,05,Black,810,731,631,560
2017-18,10/11/2018,BRONX,321000010000,NYC GEOG DIST #10 - BRONX,06,Hispanic,2512,2378,1847,1761
2017-18,10/11/2018,BRONX,321000010000,NYC GEOG DIST #10 - BRONX,07,Asian/Pacific Islander,674,631,642,598
2017-18,10/11/2018,BRONX,321000010000,NYC GEOG DIST #10 - BRONX,08,White,363,389,329,349
2017-18,10/11/2018,BRONX,321000010000,NYC GEOG DIST #10 - BRONX,09,Multiracial,27,61,51,37
2017-18,10/11/2018,BRONX,321100010000,NYC GEOG DIST #11 - BRONX,04,American Indian/Alaska Native,29,30,28,19
2017-18,10/11/2018,BRONX,321100010000,NYC GEOG DIST #11 - BRONX,05,Black,939,890,736,792
2017-18,10/11/2018,BRONX,321100010000,NYC GEOG DIST #11 - BRONX,06,Hispanic,1257,1098,957,807
2017-18,10/11/2018,BRONX,321100010000,NYC GEOG DIST #11 - BRONX,07,Asian/Pacific Islander,151,123,110,112
2017-18,10/11/2018,BRONX,321100010000,NYC GEOG DIST #11 - BRONX,08,White,145,144,108,93
2017-18,10/11/2018,BRONX,321100010000,NYC GEOG DIST #11 - BRONX,09,Multiracial,23,24,12,21
2017-18,10/11/2018,BRONX,321200010000,NYC GEOG DIST #12 - BRONX,04,American Indian/Alaska Native,10,10,13,11
2017-18,10/11/2018,BRONX,321200010000,NYC GEOG DIST #12 - BRONX,05,Black,395,381,329,363
2017-18,10/11/2018,BRONX,321200010000,NYC GEOG DIST #12 - BRONX,06,Hispanic,971,1092,983,962
2017-18,10/11/2018,BRONX,321200010000,NYC GEOG DIST #12 - BRONX,07,Asian/Pacific Islander,37,29,36,28
2017-18,10/11/2018,BRONX,321200010000,NYC GEOG DIST #12 - BRONX,08,White,21,20,22,23
2017-18,10/11/2018,BRONX,321200010000,NYC GEOG DIST #12 - BRONX,09,Multiracial,10,6,4,4
2017-18,10/11/2018,KINGS,331300010000,NYC GEOG DIST #13 - BROOKLYN,04,American Indian/Alaska Native,27,23,10,14
2017-18,10/11/2018,KINGS,331300010000,NYC GEOG DIST #13 - BROOKLYN,05,Black,1063,1123,1047,986
2017-18,10/11/2018,KINGS,331300010000,NYC GEOG DIST #13 - BROOKLYN,06,Hispanic,415,440,337,330
2017-18,10/11/2018,KINGS,331300010000,NYC GEOG DIST #13 - BROOKLYN,07,Asian/Pacific Islander,1020,1031,934,897
2017-18,10/11/2018,KINGS,331300010000,NYC GEOG DIST #13 - BROOKLYN,08,White,445,406,391,300
2017-18,10/11/2018,KINGS,331300010000,NYC GEOG DIST #13 - BROOKLYN,09,Multiracial,51,38,21,48
2017-18,10/11/2018,KINGS,331400010000,NYC GEOG DIST #14 - BROOKLYN,04,American Indian/Alaska Native,7,11,7,5
2017-18,10/11/2018,KINGS,331400010000,NYC GEOG DIST #14 - BROOKLYN,05,Black,489,490,375,472
2017-18,10/11/2018,KINGS,331400010000,NYC GEOG DIST #14 - BROOKLYN,06,Hispanic,960,959,726,764
2017-18,10/11/2018,KINGS,331400010000,NYC GEOG DIST #14 - BROOKLYN,07,Asian/Pacific Islander,146,116,103,115
2017-18,10/11/2018,KINGS,331400010000,NYC GEOG DIST #14 - BROOKLYN,08,White,76,70,78,72
2017-18,10/11/2018,KINGS,331400010000,NYC GEOG DIST #14 - BROOKLYN,09,Multiracial,22,29,24,58
2017-18,10/11/2018,KINGS,331500010000,NYC GEOG DIST #15 - BROOKLYN,04,American Indian/Alaska Native,10,10,12,16
2017-18,10/11/2018,KINGS,331500010000,NYC GEOG DIST #15 - BROOKLYN,05,Black,663,662,594,569
2017-18,10/11/2018,KINGS,331500010000,NYC GEOG DIST #15 - BROOKLYN,06,Hispanic,580,716,565,555
2017-18,10/11/2018,KINGS,331500010000,NYC GEOG DIST #15 - BROOKLYN,07,Asian/Pacific Islander,109,87,71,94
2017-18,10/11/2018,KINGS,331500010000,NYC GEOG DIST #15 - BROOKLYN,08,White,196,165,143,151
2017-18,10/11/2018,KINGS,331500010000,NYC GEOG DIST #15 - BROOKLYN,09,Multiracial,36,30,31,35
2017-18,10/11/2018,KINGS,331600010000,NYC GEOG DIST #16 - BROOKLYN,04,American Indian/Alaska Native,2,5,5,5
2017-18,10/11/2018,KINGS,331600010000,NYC GEOG DIST #16 - BROOKLYN,05,Black,326,320,307,393
2017-18,10/11/2018,KINGS,331600010000,NYC GEOG DIST #16 - BROOKLYN,06,Hispanic,85,73,76,91
2017-18,10/11/2018,KINGS,331600010000,NYC GEOG DIST #16 - BROOKLYN,07,Asian/Pacific Islander,15,9,9,11
2017-18,10/11/2018,KINGS,331600010000,NYC GEOG DIST #16 - BROOKLYN,08,White,11,9,4,11
2017-18,10/11/2018,KINGS,331600010000,NYC GEOG DIST #16 - BROOKLYN,09,Multiracial,10,4,3,1
2017-18,10/11/2018,KINGS,331700010000,NYC GEOG DIST #17 - BROOKLYN,04,American Indian/Alaska Native,34,14,26,12
2017-18,10/11/2018,KINGS,331700010000,NYC GEOG DIST #17 - BROOKLYN,05,Black,1458,1487,1382,1484
2017-18,10/11/2018,KINGS,331700010000,NYC GEOG DIST #17 - BROOKLYN,06,Hispanic,285,210,212,196
2017-18,10/11/2018,KINGS,331700010000,NYC GEOG DIST #17 - BROOKLYN,07,Asian/Pacific Islander,54,70,47,55
2017-18,10/11/2018,KINGS,331700010000,NYC GEOG DIST #17 - BROOKLYN,08,White,34,50,33,35
2017-18,10/11/2018,KINGS,331700010000,NYC GEOG DIST #17 - BROOKLYN,09,Multiracial,32,25,21,22
2017-18,10/11/2018,KINGS,331800010000,NYC GEOG DIST #18 - BROOKLYN,04,American Indian/Alaska Native,17,12,8,10
2017-18,10/11/2018,KINGS,331800010000,NYC GEOG DIST #18 - BROOKLYN,05,Black,822,894,755,932
2017-18,10/11/2018,KINGS,331800010000,NYC GEOG DIST #18 - BROOKLYN,06,Hispanic,123,105,85,98
2017-18,10/11/2018,KINGS,331800010000,NYC GEOG DIST #18 - BROOKLYN,07,Asian/Pacific Islander,21,19,19,13
2017-18,10/11/2018,KINGS,331800010000,NYC GEOG DIST #18 - BROOKLYN,08,White,30,38,23,26
2017-18,10/11/2018,KINGS,331800010000,NYC GEOG DIST #18 - BROOKLYN,09,Multiracial,7,13,9,8
2017-18,10/11/2018,KINGS,331900010000,NYC GEOG DIST #19 - BROOKLYN,04,American Indian/Alaska Native,25,19,11,9
2017-18,10/11/2018,KINGS,331900010000,NYC GEOG DIST #19 - BROOKLYN,05,Black,755,792,574,607
2017-18,10/11/2018,KINGS,331900010000,NYC GEOG DIST #19 - BROOKLYN,06,Hispanic,518,510,431,376
2017-18,10/11/2018,KINGS,331900010000,NYC GEOG DIST #19 - BROOKLYN,07,Asian/Pacific Islander,65,80,61,47
2017-18,10/11/2018,KINGS,331900010000,NYC GEOG DIST #19 - BROOKLYN,08,White,35,31,20,12
2017-18,10/11/2018,KINGS,331900010000,NYC GEOG DIST #19 - BROOKLYN,09,Multiracial,17,16,16,7
2017-18,10/11/2018,KINGS,332000010000,NYC GEOG DIST #20 - BROOKLYN,04,American Indian/Alaska Native,9,12,9,4
2017-18,10/11/2018,KINGS,332000010000,NYC GEOG DIST #20 - BROOKLYN,05,Black,209,202,153,206
2017-18,10/11/2018,KINGS,332000010000,NYC GEOG DIST #20 - BROOKLYN,06,Hispanic,1307,1205,762,830
2017-18,10/11/2018,KINGS,332000010000,NYC GEOG DIST #20 - BROOKLYN,07,Asian/Pacific Islander,1068,1146,972,1036
2017-18,10/11/2018,KINGS,332000010000,NYC GEOG DIST #20 - BROOKLYN,08,White,934,854,748,821
2017-18,10/11/2018,KINGS,332000010000,NYC GEOG DIST #20 - BROOKLYN,09,Multiracial,42,39,34,38
2017-18,10/11/2018,KINGS,332100010000,NYC GEOG DIST #21 - BROOKLYN,04,American Indian/Alaska Native,14,22,16,15
2017-18,10/11/2018,KINGS,332100010000,NYC GEOG DIST #21 - BROOKLYN,05,Black,970,904,664,710
2017-18,10/11/2018,KINGS,332100010000,NYC GEOG DIST #21 - BROOKLYN,06,Hispanic,802,744,528,573
2017-18,10/11/2018,KINGS,332100010000,NYC GEOG DIST #21 - BROOKLYN,07,Asian/Pacific Islander,618,652,552,643
2017-18,10/11/2018,KINGS,332100010000,NYC GEOG DIST #21 - BROOKLYN,08,White,717,726,620,610
2017-18,10/11/2018,KINGS,332100010000,NYC GEOG DIST #21 - BROOKLYN,09,Multiracial,92,58,33,46
2017-18,10/11/2018,KINGS,332200010000,NYC GEOG DIST #22 - BROOKLYN,04,American Indian/Alaska Native,14,11,11,13
2017-18,10/11/2018,KINGS,332200010000,NYC GEOG DIST #22 - BROOKLYN,05,Black,705,697,558,476
2017-18,10/11/2018,KINGS,332200010000,NYC GEOG DIST #22 - BROOKLYN,06,Hispanic,421,398,317,328
2017-18,10/11/2018,KINGS,332200010000,NYC GEOG DIST #22 - BROOKLYN,07,Asian/Pacific Islander,670,633,679,559
2017-18,10/11/2018,KINGS,332200010000,NYC GEOG DIST #22 - BROOKLYN,08,White,913,878,739,771
2017-18,10/11/2018,KINGS,332200010000,NYC GEOG DIST #22 - BROOKLYN,09,Multiracial,50,34,35,28
2017-18,10/11/2018,KINGS,332300010000,NYC GEOG DIST #23 - BROOKLYN,04,American Indian/Alaska Native,5,5,2,5
2017-18,10/11/2018,KINGS,332300010000,NYC GEOG DIST #23 - BROOKLYN,05,Black,238,326,291,408
2017-18,10/11/2018,KINGS,332300010000,NYC GEOG DIST #23 - BROOKLYN,06,Hispanic,39,37,45,75
2017-18,10/11/2018,KINGS,332300010000,NYC GEOG DIST #23 - BROOKLYN,07,Asian/Pacific Islander,1,7,3,6
2017-18,10/11/2018,KINGS,332300010000,NYC GEOG DIST #23 - BROOKLYN,08,White,5,4,0,6
2017-18,10/11/2018,KINGS,332300010000,NYC GEOG DIST #23 - BROOKLYN,09,Multiracial,1,1,0,1
2017-18,10/11/2018,KINGS,333200010000,NYC GEOG DIST #32 - BROOKLYN,04,American Indian/Alaska Native,2,1,0,0
2017-18,10/11/2018,KINGS,333200010000,NYC GEOG DIST #32 - BROOKLYN,05,Black,114,109,102,127
2017-18,10/11/2018,KINGS,333200010000,NYC GEOG DIST #32 - BROOKLYN,06,Hispanic,381,420,393,499
2017-18,10/11/2018,KINGS,333200010000,NYC GEOG DIST #32 - BROOKLYN,07,Asian/Pacific Islander,14,15,14,13
2017-18,10/11/2018,KINGS,333200010000,NYC GEOG DIST #32 - BROOKLYN,08,White,18,20,12,15
2017-18,10/11/2018,KINGS,333200010000,NYC GEOG DIST #32 - BROOKLYN,09,Multiracial,7,5,4,2
2017-18,10/11/2018,QUEENS,342400010000,NYC GEOG DIST #24 - QUEENS,04,American Indian/Alaska Native,32,14,16,22
2017-18,10/11/2018,QUEENS,342400010000,NYC GEOG DIST #24 - QUEENS,05,Black,212,173,178,184
2017-18,10/11/2018,QUEENS,342400010000,NYC GEOG DIST #24 - QUEENS,06,Hispanic,2414,2123,1877,1865
2017-18,10/11/2018,QUEENS,342400010000,NYC GEOG DIST #24 - QUEENS,07,Asian/Pacific Islander,679,657,608,802
2017-18,10/11/2018,QUEENS,342400010000,NYC GEOG DIST #24 - QUEENS,08,White,460,421,400,467
2017-18,10/11/2018,QUEENS,342400010000,NYC GEOG DIST #24 - QUEENS,09,Multiracial,93,92,59,48
2017-18,10/11/2018,QUEENS,342500010000,NYC GEOG DIST #25 - QUEENS,04,American Indian/Alaska Native,34,24,21,20
2017-18,10/11/2018,QUEENS,342500010000,NYC GEOG DIST #25 - QUEENS,05,Black,472,413,358,361
2017-18,10/11/2018,QUEENS,342500010000,NYC GEOG DIST #25 - QUEENS,06,Hispanic,1242,1072,945,787
2017-18,10/11/2018,QUEENS,342500010000,NYC GEOG DIST #25 - QUEENS,07,Asian/Pacific Islander,867,807,801,741
2017-18,10/11/2018,QUEENS,342500010000,NYC GEOG DIST #25 - QUEENS,08,White,227,229,245,223
2017-18,10/11/2018,QUEENS,342500010000,NYC GEOG DIST #25 - QUEENS,09,Multiracial,65,66,28,23
2017-18,10/11/2018,QUEENS,342600010000,NYC GEOG DIST #26 - QUEENS,04,American Indian/Alaska Native,55,33,28,39
2017-18,10/11/2018,QUEENS,342600010000,NYC GEOG DIST #26 - QUEENS,05,Black,831,690,676,514
2017-18,10/11/2018,QUEENS,342600010000,NYC GEOG DIST #26 - QUEENS,06,Hispanic,939,712,675,600
2017-18,10/11/2018,QUEENS,342600010000,NYC GEOG DIST #26 - QUEENS,07,Asian/Pacific Islander,1508,1484,1490,1617
2017-18,10/11/2018,QUEENS,342600010000,NYC GEOG DIST #26 - QUEENS,08,White,522,453,471,450
2017-18,10/11/2018,QUEENS,342600010000,NYC GEOG DIST #26 - QUEENS,09,Multiracial,33,22,22,14
2017-18,10/11/2018,QUEENS,342700010000,NYC GEOG DIST #27  - QUEENS,04,American Indian/Alaska Native,132,75,55,62
2017-18,10/11/2018,QUEENS,342700010000,NYC GEOG DIST #27  - QUEENS,05,Black,852,703,484,635
2017-18,10/11/2018,QUEENS,342700010000,NYC GEOG DIST #27  - QUEENS,06,Hispanic,1049,959,746,787
2017-18,10/11/2018,QUEENS,342700010000,NYC GEOG DIST #27  - QUEENS,07,Asian/Pacific Islander,650,559,509,542
2017-18,10/11/2018,QUEENS,342700010000,NYC GEOG DIST #27  - QUEENS,08,White,269,220,191,181
2017-18,10/11/2018,QUEENS,342700010000,NYC GEOG DIST #27  - QUEENS,09,Multiracial,54,58,52,55
2017-18,10/11/2018,QUEENS,342800010000,NYC GEOG DIST #28 - QUEENS,04,American Indian/Alaska Native,136,121,101,104
2017-18,10/11/2018,QUEENS,342800010000,NYC GEOG DIST #28 - QUEENS,05,Black,872,889,773,858
2017-18,10/11/2018,QUEENS,342800010000,NYC GEOG DIST #28 - QUEENS,06,Hispanic,1132,1164,975,968
2017-18,10/11/2018,QUEENS,342800010000,NYC GEOG DIST #28 - QUEENS,07,Asian/Pacific Islander,1135,1062,1125,1134
2017-18,10/11/2018,QUEENS,342800010000,NYC GEOG DIST #28 - QUEENS,08,White,536,488,491,481
2017-18,10/11/2018,QUEENS,342800010000,NYC GEOG DIST #28 - QUEENS,09,Multiracial,113,75,61,41
2017-18,10/11/2018,QUEENS,342900010000,NYC GEOG DIST #29 - QUEENS,04,American Indian/Alaska Native,33,16,22,25
2017-18,10/11/2018,QUEENS,342900010000,NYC GEOG DIST #29 - QUEENS,05,Black,726,872,821,948
2017-18,10/11/2018,QUEENS,342900010000,NYC GEOG DIST #29 - QUEENS,06,Hispanic,133,123,96,93
2017-18,10/11/2018,QUEENS,342900010000,NYC GEOG DIST #29 - QUEENS,07,Asian/Pacific Islander,83,77,67,70
2017-18,10/11/2018,QUEENS,342900010000,NYC GEOG DIST #29 - QUEENS,08,White,13,20,26,16
2017-18,10/11/2018,QUEENS,342900010000,NYC GEOG DIST #29 - QUEENS,09,Multiracial,31,18,23,15
2017-18,10/11/2018,QUEENS,343000010000,NYC GEOG DIST #30 - QUEENS,04,American Indian/Alaska Native,19,12,21,16
2017-18,10/11/2018,QUEENS,343000010000,NYC GEOG DIST #30 - QUEENS,05,Black,265,209,161,200
2017-18,10/11/2018,QUEENS,343000010000,NYC GEOG DIST #30 - QUEENS,06,Hispanic,1613,1487,1083,1032
2017-18,10/11/2018,QUEENS,343000010000,NYC GEOG DIST #30 - QUEENS,07,Asian/Pacific Islander,541,541,515,551
2017-18,10/11/2018,QUEENS,343000010000,NYC GEOG DIST #30 - QUEENS,08,White,402,431,370,434
2017-18,10/11/2018,QUEENS,343000010000,NYC GEOG DIST #30 - QUEENS,09,Multiracial,57,36,29,34
2017-18,10/11/2018,RICHMOND,353100010000,NYC GEOG DIST #31 - SI,04,American Indian/Alaska Native,21,29,22,12
2017-18,10/11/2018,RICHMOND,353100010000,NYC GEOG DIST #31 - SI,05,Black,723,705,509,529
2017-18,10/11/2018,RICHMOND,353100010000,NYC GEOG DIST #31 - SI,06,Hispanic,1365,1305,1016,932
2017-18,10/11/2018,RICHMOND,353100010000,NYC GEOG DIST #31 - SI,07,Asian/Pacific Islander,533,554,471,477
2017-18,10/11/2018,RICHMOND,353100010000,NYC GEOG DIST #31 - SI,08,White,2147,2083,2092,1949
2017-18,10/11/2018,RICHMOND,353100010000,NYC GEOG DIST #31 - SI,09,Multiracial,112,62,52,31
2016-17,10/2/2017,NEW YORK,307500010000,NYC SPEC SCHOOLS - DIST 75,04,American Indian/Alaska Native,6,3,2,2
2016-17,10/2/2017,NEW YORK,307500010000,NYC SPEC SCHOOLS - DIST 75,05,Black,363,269,145,151
2016-17,10/2/2017,NEW YORK,307500010000,NYC SPEC SCHOOLS - DIST 75,06,Hispanic,270,200,102,125
2016-17,10/2/2017,NEW YORK,307500010000,NYC SPEC SCHOOLS - DIST 75,07,Asian/Pacific Islander,15,20,13,13
2016-17,10/2/2017,NEW YORK,307500010000,NYC SPEC SCHOOLS - DIST 75,08,White,60,52,34,52
2016-17,10/2/2017,NEW YORK,307500010000,NYC SPEC SCHOOLS - DIST 75,09,Multiracial,0,2,2,2
2016-17,10/2/2017,NEW YORK,310100010000,NYC GEOG DIST # 1 - MANHATTAN,04,American Indian/Alaska Native,4,4,2,6
2016-17,10/2/2017,NEW YORK,310100010000,NYC GEOG DIST # 1 - MANHATTAN,05,Black,138,158,154,180
2016-17,10/2/2017,NEW YORK,310100010000,NYC GEOG DIST # 1 - MANHATTAN,06,Hispanic,228,288,292,312
2016-17,10/2/2017,NEW YORK,310100010000,NYC GEOG DIST # 1 - MANHATTAN,07,Asian/Pacific Islander,151,314,201,218
2016-17,10/2/2017,NEW YORK,310100010000,NYC GEOG DIST # 1 - MANHATTAN,08,White,125,143,117,110
2016-17,10/2/2017,NEW YORK,310100010000,NYC GEOG DIST # 1 - MANHATTAN,09,Multiracial,6,11,14,6
2016-17,10/2/2017,NEW YORK,310200010000,NYC GEOG DIST # 2 - MANHATTAN,04,American Indian/Alaska Native,62,51,34,27
2016-17,10/2/2017,NEW YORK,310200010000,NYC GEOG DIST # 2 - MANHATTAN,05,Black,2114,2012,1817,1802
2016-17,10/2/2017,NEW YORK,310200010000,NYC GEOG DIST # 2 - MANHATTAN,06,Hispanic,4680,4045,3680,3433
2016-17,10/2/2017,NEW YORK,310200010000,NYC GEOG DIST # 2 - MANHATTAN,07,Asian/Pacific Islander,1562,1558,1678,1529
2016-17,10/2/2017,NEW YORK,310200010000,NYC GEOG DIST # 2 - MANHATTAN,08,White,1181,1142,1068,1004
2016-17,10/2/2017,NEW YORK,310200010000,NYC GEOG DIST # 2 - MANHATTAN,09,Multiracial,272,221,226,129
2016-17,10/2/2017,NEW YORK,310300010000,NYC GEOG DIST # 3 - MANHATTAN,04,American Indian/Alaska Native,10,11,8,13
2016-17,10/2/2017,NEW YORK,310300010000,NYC GEOG DIST # 3 - MANHATTAN,05,Black,525,519,476,482
2016-17,10/2/2017,NEW YORK,310300010000,NYC GEOG DIST # 3 - MANHATTAN,06,Hispanic,739,883,769,831
2016-17,10/2/2017,NEW YORK,310300010000,NYC GEOG DIST # 3 - MANHATTAN,07,Asian/Pacific Islander,233,213,221,194
2016-17,10/2/2017,NEW YORK,310300010000,NYC GEOG DIST # 3 - MANHATTAN,08,White,584,599,556,481
2016-17,10/2/2017,NEW YORK,310300010000,NYC GEOG DIST # 3 - MANHATTAN,09,Multiracial,111,111,52,66
2016-17,10/2/2017,NEW YORK,310400010000,NYC GEOG DIST # 4 - MANHATTAN,04,American Indian/Alaska Native,7,2,5,5
2016-17,10/2/2017,NEW YORK,310400010000,NYC GEOG DIST # 4 - MANHATTAN,05,Black,182,212,185,222
2016-17,10/2/2017,NEW YORK,310400010000,NYC GEOG DIST # 4 - MANHATTAN,06,Hispanic,576,567,525,530
2016-17,10/2/2017,NEW YORK,310400010000,NYC GEOG DIST # 4 - MANHATTAN,07,Asian/Pacific Islander,116,100,109,92
2016-17,10/2/2017,NEW YORK,310400010000,NYC GEOG DIST # 4 - MANHATTAN,08,White,47,27,44,34
2016-17,10/2/2017,NEW YORK,310400010000,NYC GEOG DIST # 4 - MANHATTAN,09,Multiracial,13,20,12,11
2016-17,10/2/2017,NEW YORK,310500010000,NYC GEOG DIST # 5 - MANHATTAN,04,American Indian/Alaska Native,7,1,2,6
2016-17,10/2/2017,NEW YORK,310500010000,NYC GEOG DIST # 5 - MANHATTAN,05,Black,551,442,411,414
2016-17,10/2/2017,NEW YORK,310500010000,NYC GEOG DIST # 5 - MANHATTAN,06,Hispanic,325,319,286,327
2016-17,10/2/2017,NEW YORK,310500010000,NYC GEOG DIST # 5 - MANHATTAN,07,Asian/Pacific Islander,69,59,71,70
2016-17,10/2/2017,NEW YORK,310500010000,NYC GEOG DIST # 5 - MANHATTAN,08,White,73,63,59,53
2016-17,10/2/2017,NEW YORK,310500010000,NYC GEOG DIST # 5 - MANHATTAN,09,Multiracial,38,29,21,9
2016-17,10/2/2017,NEW YORK,310600010000,NYC GEOG DIST # 6 - MANHATTAN,04,American Indian/Alaska Native,7,3,4,3
2016-17,10/2/2017,NEW YORK,310600010000,NYC GEOG DIST # 6 - MANHATTAN,05,Black,256,215,169,142
2016-17,10/2/2017,NEW YORK,310600010000,NYC GEOG DIST # 6 - MANHATTAN,06,Hispanic,1226,1197,988,906
2016-17,10/2/2017,NEW YORK,310600010000,NYC GEOG DIST # 6 - MANHATTAN,07,Asian/Pacific Islander,31,27,23,26
2016-17,10/2/2017,NEW YORK,310600010000,NYC GEOG DIST # 6 - MANHATTAN,08,White,31,22,15,12
2016-17,10/2/2017,NEW YORK,310600010000,NYC GEOG DIST # 6 - MANHATTAN,09,Multiracial,14,13,10,5
2016-17,10/2/2017,BRONX,320700010000,NYC GEOG DIST # 7 - BRONX,04,American Indian/Alaska Native,11,14,5,12
2016-17,10/2/2017,BRONX,320700010000,NYC GEOG DIST # 7 - BRONX,05,Black,502,507,444,421
2016-17,10/2/2017,BRONX,320700010000,NYC GEOG DIST # 7 - BRONX,06,Hispanic,1301,1399,1076,1092
2016-17,10/2/2017,BRONX,320700010000,NYC GEOG DIST # 7 - BRONX,07,Asian/Pacific Islander,26,21,29,32
2016-17,10/2/2017,BRONX,320700010000,NYC GEOG DIST # 7 - BRONX,08,White,30,28,17,28
2016-17,10/2/2017,BRONX,320700010000,NYC GEOG DIST # 7 - BRONX,09,Multiracial,6,12,7,6
2016-17,10/2/2017,BRONX,320800010000,NYC GEOG DIST # 8 - BRONX,04,American Indian/Alaska Native,20,25,22,31
2016-17,10/2/2017,BRONX,320800010000,NYC GEOG DIST # 8 - BRONX,05,Black,524,497,426,458
2016-17,10/2/2017,BRONX,320800010000,NYC GEOG DIST # 8 - BRONX,06,Hispanic,1212,1199,1000,910
2016-17,10/2/2017,BRONX,320800010000,NYC GEOG DIST # 8 - BRONX,07,Asian/Pacific Islander,105,116,101,90
2016-17,10/2/2017,BRONX,320800010000,NYC GEOG DIST # 8 - BRONX,08,White,115,91,75,71
2016-17,10/2/2017,BRONX,320800010000,NYC GEOG DIST # 8 - BRONX,09,Multiracial,17,18,7,9
2016-17,10/2/2017,BRONX,320900010000,NYC GEOG DIST # 9 - BRONX,04,American Indian/Alaska Native,8,6,6,11
2016-17,10/2/2017,BRONX,320900010000,NYC GEOG DIST # 9 - BRONX,05,Black,648,603,548,543
2016-17,10/2/2017,BRONX,320900010000,NYC GEOG DIST # 9 - BRONX,06,Hispanic,1546,1488,1260,1273
2016-17,10/2/2017,BRONX,320900010000,NYC GEOG DIST # 9 - BRONX,07,Asian/Pacific Islander,38,47,44,39
2016-17,10/2/2017,BRONX,320900010000,NYC GEOG DIST # 9 - BRONX,08,White,34,31,15,12
2016-17,10/2/2017,BRONX,320900010000,NYC GEOG DIST # 9 - BRONX,09,Multiracial,17,17,13,9
2016-17,10/2/2017,BRONX,321000010000,NYC GEOG DIST #10 - BRONX,04,American Indian/Alaska Native,30,43,31,39
2016-17,10/2/2017,BRONX,321000010000,NYC GEOG DIST #10 - BRONX,05,Black,868,777,614,619
2016-17,10/2/2017,BRONX,321000010000,NYC GEOG DIST #10 - BRONX,06,Hispanic,2524,2213,1985,1785
2016-17,10/2/2017,BRONX,321000010000,NYC GEOG DIST #10 - BRONX,07,Asian/Pacific Islander,643,656,603,565
2016-17,10/2/2017,BRONX,321000010000,NYC GEOG DIST #10 - BRONX,08,White,391,349,349,328
2016-17,10/2/2017,BRONX,321000010000,NYC GEOG DIST #10 - BRONX,09,Multiracial,59,56,41,22
2016-17,10/2/2017,BRONX,321100010000,NYC GEOG DIST #11 - BRONX,04,American Indian/Alaska Native,23,33,22,29
2016-17,10/2/2017,BRONX,321100010000,NYC GEOG DIST #11 - BRONX,05,Black,948,923,783,753
2016-17,10/2/2017,BRONX,321100010000,NYC GEOG DIST #11 - BRONX,06,Hispanic,1256,1228,859,843
2016-17,10/2/2017,BRONX,321100010000,NYC GEOG DIST #11 - BRONX,07,Asian/Pacific Islander,139,109,118,101
2016-17,10/2/2017,BRONX,321100010000,NYC GEOG DIST #11 - BRONX,08,White,157,127,90,86
2016-17,10/2/2017,BRONX,321100010000,NYC GEOG DIST #11 - BRONX,09,Multiracial,24,11,20,13
2016-17,10/2/2017,BRONX,321200010000,NYC GEOG DIST #12 - BRONX,04,American Indian/Alaska Native,13,17,10,12
2016-17,10/2/2017,BRONX,321200010000,NYC GEOG DIST #12 - BRONX,05,Black,405,390,326,386
2016-17,10/2/2017,BRONX,321200010000,NYC GEOG DIST #12 - BRONX,06,Hispanic,1148,1174,1003,886
2016-17,10/2/2017,BRONX,321200010000,NYC GEOG DIST #12 - BRONX,07,Asian/Pacific Islander,27,35,30,27
2016-17,10/2/2017,BRONX,321200010000,NYC GEOG DIST #12 - BRONX,08,White,19,21,20,19
2016-17,10/2/2017,BRONX,321200010000,NYC GEOG DIST #12 - BRONX,09,Multiracial,7,9,3,6
2016-17,10/2/2017,KINGS,331300010000,NYC GEOG DIST #13 - BROOKLYN,04,American Indian/Alaska Native,23,14,13,23
2016-17,10/2/2017,KINGS,331300010000,NYC GEOG DIST #13 - BROOKLYN,05,Black,1118,1169,1004,1043
2016-17,10/2/2017,KINGS,331300010000,NYC GEOG DIST #13 - BROOKLYN,06,Hispanic,444,401,314,294
2016-17,10/2/2017,KINGS,331300010000,NYC GEOG DIST #13 - BROOKLYN,07,Asian/Pacific Islander,1028,952,892,881
2016-17,10/2/2017,KINGS,331300010000,NYC GEOG DIST #13 - BROOKLYN,08,White,416,403,304,299
2016-17,10/2/2017,KINGS,331300010000,NYC GEOG DIST #13 - BROOKLYN,09,Multiracial,39,25,48,54
2016-17,10/2/2017,KINGS,331400010000,NYC GEOG DIST #14 - BROOKLYN,04,American Indian/Alaska Native,11,10,11,7
2016-17,10/2/2017,KINGS,331400010000,NYC GEOG DIST #14 - BROOKLYN,05,Black,545,525,536,491
2016-17,10/2/2017,KINGS,331400010000,NYC GEOG DIST #14 - BROOKLYN,06,Hispanic,925,968,849,792
2016-17,10/2/2017,KINGS,331400010000,NYC GEOG DIST #14 - BROOKLYN,07,Asian/Pacific Islander,125,102,122,96
2016-17,10/2/2017,KINGS,331400010000,NYC GEOG DIST #14 - BROOKLYN,08,White,81,85,76,45
2016-17,10/2/2017,KINGS,331400010000,NYC GEOG DIST #14 - BROOKLYN,09,Multiracial,33,30,56,29
2016-17,10/2/2017,KINGS,331500010000,NYC GEOG DIST #15 - BROOKLYN,04,American Indian/Alaska Native,11,11,16,4
2016-17,10/2/2017,KINGS,331500010000,NYC GEOG DIST #15 - BROOKLYN,05,Black,747,657,567,527
2016-17,10/2/2017,KINGS,331500010000,NYC GEOG DIST #15 - BROOKLYN,06,Hispanic,647,666,574,544
2016-17,10/2/2017,KINGS,331500010000,NYC GEOG DIST #15 - BROOKLYN,07,Asian/Pacific Islander,90,88,85,70
2016-17,10/2/2017,KINGS,331500010000,NYC GEOG DIST #15 - BROOKLYN,08,White,157,172,135,132
2016-17,10/2/2017,KINGS,331500010000,NYC GEOG DIST #15 - BROOKLYN,09,Multiracial,40,39,34,32
2016-17,10/2/2017,KINGS,331600010000,NYC GEOG DIST #16 - BROOKLYN,04,American Indian/Alaska Native,4,3,3,5
2016-17,10/2/2017,KINGS,331600010000,NYC GEOG DIST #16 - BROOKLYN,05,Black,356,338,386,380
2016-17,10/2/2017,KINGS,331600010000,NYC GEOG DIST #16 - BROOKLYN,06,Hispanic,87,90,85,67
2016-17,10/2/2017,KINGS,331600010000,NYC GEOG DIST #16 - BROOKLYN,07,Asian/Pacific Islander,8,7,11,9
2016-17,10/2/2017,KINGS,331600010000,NYC GEOG DIST #16 - BROOKLYN,08,White,12,4,6,7
2016-17,10/2/2017,KINGS,331600010000,NYC GEOG DIST #16 - BROOKLYN,09,Multiracial,5,5,1,4
2016-17,10/2/2017,KINGS,331700010000,NYC GEOG DIST #17 - BROOKLYN,04,American Indian/Alaska Native,16,30,11,9
2016-17,10/2/2017,KINGS,331700010000,NYC GEOG DIST #17 - BROOKLYN,05,Black,1493,1523,1481,1503
2016-17,10/2/2017,KINGS,331700010000,NYC GEOG DIST #17 - BROOKLYN,06,Hispanic,235,238,196,179
2016-17,10/2/2017,KINGS,331700010000,NYC GEOG DIST #17 - BROOKLYN,07,Asian/Pacific Islander,72,58,51,61
2016-17,10/2/2017,KINGS,331700010000,NYC GEOG DIST #17 - BROOKLYN,08,White,49,43,33,21
2016-17,10/2/2017,KINGS,331700010000,NYC GEOG DIST #17 - BROOKLYN,09,Multiracial,29,25,20,10
2016-17,10/2/2017,KINGS,331800010000,NYC GEOG DIST #18 - BROOKLYN,04,American Indian/Alaska Native,13,9,8,5
2016-17,10/2/2017,KINGS,331800010000,NYC GEOG DIST #18 - BROOKLYN,05,Black,890,941,863,977
2016-17,10/2/2017,KINGS,331800010000,NYC GEOG DIST #18 - BROOKLYN,06,Hispanic,123,107,88,84
2016-17,10/2/2017,KINGS,331800010000,NYC GEOG DIST #18 - BROOKLYN,07,Asian/Pacific Islander,22,19,12,11
2016-17,10/2/2017,KINGS,331800010000,NYC GEOG DIST #18 - BROOKLYN,08,White,33,30,19,14
2016-17,10/2/2017,KINGS,331800010000,NYC GEOG DIST #18 - BROOKLYN,09,Multiracial,14,8,9,17
2016-17,10/2/2017,KINGS,331900010000,NYC GEOG DIST #19 - BROOKLYN,04,American Indian/Alaska Native,11,12,10,6
2016-17,10/2/2017,KINGS,331900010000,NYC GEOG DIST #19 - BROOKLYN,05,Black,820,784,618,603
2016-17,10/2/2017,KINGS,331900010000,NYC GEOG DIST #19 - BROOKLYN,06,Hispanic,528,469,416,322
2016-17,10/2/2017,KINGS,331900010000,NYC GEOG DIST #19 - BROOKLYN,07,Asian/Pacific Islander,74,74,43,59
2016-17,10/2/2017,KINGS,331900010000,NYC GEOG DIST #19 - BROOKLYN,08,White,22,23,9,16
2016-17,10/2/2017,KINGS,331900010000,NYC GEOG DIST #19 - BROOKLYN,09,Multiracial,19,15,8,5
2016-17,10/2/2017,KINGS,332000010000,NYC GEOG DIST #20 - BROOKLYN,04,American Indian/Alaska Native,9,12,4,2
2016-17,10/2/2017,KINGS,332000010000,NYC GEOG DIST #20 - BROOKLYN,05,Black,223,222,206,194
2016-17,10/2/2017,KINGS,332000010000,NYC GEOG DIST #20 - BROOKLYN,06,Hispanic,1318,1192,814,824
2016-17,10/2/2017,KINGS,332000010000,NYC GEOG DIST #20 - BROOKLYN,07,Asian/Pacific Islander,1029,1166,980,1064
2016-17,10/2/2017,KINGS,332000010000,NYC GEOG DIST #20 - BROOKLYN,08,White,894,894,778,713
2016-17,10/2/2017,KINGS,332000010000,NYC GEOG DIST #20 - BROOKLYN,09,Multiracial,44,48,43,25
2016-17,10/2/2017,KINGS,332100010000,NYC GEOG DIST #21 - BROOKLYN,04,American Indian/Alaska Native,20,23,15,9
2016-17,10/2/2017,KINGS,332100010000,NYC GEOG DIST #21 - BROOKLYN,05,Black,984,1027,768,639
2016-17,10/2/2017,KINGS,332100010000,NYC GEOG DIST #21 - BROOKLYN,06,Hispanic,808,768,590,524
2016-17,10/2/2017,KINGS,332100010000,NYC GEOG DIST #21 - BROOKLYN,07,Asian/Pacific Islander,646,642,631,559
2016-17,10/2/2017,KINGS,332100010000,NYC GEOG DIST #21 - BROOKLYN,08,White,690,726,625,602
2016-17,10/2/2017,KINGS,332100010000,NYC GEOG DIST #21 - BROOKLYN,09,Multiracial,68,52,42,33
2016-17,10/2/2017,KINGS,332200010000,NYC GEOG DIST #22 - BROOKLYN,04,American Indian/Alaska Native,10,11,14,6
2016-17,10/2/2017,KINGS,332200010000,NYC GEOG DIST #22 - BROOKLYN,05,Black,739,669,466,577
2016-17,10/2/2017,KINGS,332200010000,NYC GEOG DIST #22 - BROOKLYN,06,Hispanic,396,406,325,281
2016-17,10/2/2017,KINGS,332200010000,NYC GEOG DIST #22 - BROOKLYN,07,Asian/Pacific Islander,618,704,562,573
2016-17,10/2/2017,KINGS,332200010000,NYC GEOG DIST #22 - BROOKLYN,08,White,848,830,747,752
2016-17,10/2/2017,KINGS,332200010000,NYC GEOG DIST #22 - BROOKLYN,09,Multiracial,42,38,29,6
2016-17,10/2/2017,KINGS,332300010000,NYC GEOG DIST #23 - BROOKLYN,04,American Indian/Alaska Native,6,4,4,1
2016-17,10/2/2017,KINGS,332300010000,NYC GEOG DIST #23 - BROOKLYN,05,Black,252,329,326,406
2016-17,10/2/2017,KINGS,332300010000,NYC GEOG DIST #23 - BROOKLYN,06,Hispanic,32,41,44,68
2016-17,10/2/2017,KINGS,332300010000,NYC GEOG DIST #23 - BROOKLYN,07,Asian/Pacific Islander,9,2,4,2
2016-17,10/2/2017,KINGS,332300010000,NYC GEOG DIST #23 - BROOKLYN,08,White,3,1,3,5
2016-17,10/2/2017,KINGS,332300010000,NYC GEOG DIST #23 - BROOKLYN,09,Multiracial,4,1,0,3
2016-17,10/2/2017,KINGS,333200010000,NYC GEOG DIST #32 - BROOKLYN,04,American Indian/Alaska Native,3,1,2,5
2016-17,10/2/2017,KINGS,333200010000,NYC GEOG DIST #32 - BROOKLYN,05,Black,108,147,90,117
2016-17,10/2/2017,KINGS,333200010000,NYC GEOG DIST #32 - BROOKLYN,06,Hispanic,400,483,419,411
2016-17,10/2/2017,KINGS,333200010000,NYC GEOG DIST #32 - BROOKLYN,07,Asian/Pacific Islander,13,13,11,10
2016-17,10/2/2017,KINGS,333200010000,NYC GEOG DIST #32 - BROOKLYN,08,White,22,16,12,7
2016-17,10/2/2017,KINGS,333200010000,NYC GEOG DIST #32 - BROOKLYN,09,Multiracial,6,5,2,0
2016-17,10/2/2017,QUEENS,342400010000,NYC GEOG DIST #24 - QUEENS,04,American Indian/Alaska Native,19,20,16,16
2016-17,10/2/2017,QUEENS,342400010000,NYC GEOG DIST #24 - QUEENS,05,Black,221,218,170,188
2016-17,10/2/2017,QUEENS,342400010000,NYC GEOG DIST #24 - QUEENS,06,Hispanic,2279,2270,1801,1856
2016-17,10/2/2017,QUEENS,342400010000,NYC GEOG DIST #24 - QUEENS,07,Asian/Pacific Islander,655,624,673,639
2016-17,10/2/2017,QUEENS,342400010000,NYC GEOG DIST #24 - QUEENS,08,White,443,454,421,396
2016-17,10/2/2017,QUEENS,342400010000,NYC GEOG DIST #24 - QUEENS,09,Multiracial,97,69,47,37
2016-17,10/2/2017,QUEENS,342500010000,NYC GEOG DIST #25 - QUEENS,04,American Indian/Alaska Native,29,24,20,20
2016-17,10/2/2017,QUEENS,342500010000,NYC GEOG DIST #25 - QUEENS,05,Black,466,421,378,333
2016-17,10/2/2017,QUEENS,342500010000,NYC GEOG DIST #25 - QUEENS,06,Hispanic,1239,1085,929,741
2016-17,10/2/2017,QUEENS,342500010000,NYC GEOG DIST #25 - QUEENS,07,Asian/Pacific Islander,844,854,788,734
2016-17,10/2/2017,QUEENS,342500010000,NYC GEOG DIST #25 - QUEENS,08,White,246,266,234,208
2016-17,10/2/2017,QUEENS,342500010000,NYC GEOG DIST #25 - QUEENS,09,Multiracial,75,34,25,20
2016-17,10/2/2017,QUEENS,342600010000,NYC GEOG DIST #26 - QUEENS,04,American Indian/Alaska Native,36,33,38,25
2016-17,10/2/2017,QUEENS,342600010000,NYC GEOG DIST #26 - QUEENS,05,Black,913,721,571,508
2016-17,10/2/2017,QUEENS,342600010000,NYC GEOG DIST #26 - QUEENS,06,Hispanic,904,701,711,585
2016-17,10/2/2017,QUEENS,342600010000,NYC GEOG DIST #26 - QUEENS,07,Asian/Pacific Islander,1581,1530,1670,1362
2016-17,10/2/2017,QUEENS,342600010000,NYC GEOG DIST #26 - QUEENS,08,White,551,486,480,414
2016-17,10/2/2017,QUEENS,342600010000,NYC GEOG DIST #26 - QUEENS,09,Multiracial,27,24,17,11
2016-17,10/2/2017,QUEENS,342700010000,NYC GEOG DIST #27  - QUEENS,04,American Indian/Alaska Native,107,64,65,24
2016-17,10/2/2017,QUEENS,342700010000,NYC GEOG DIST #27  - QUEENS,05,Black,789,643,572,601
2016-17,10/2/2017,QUEENS,342700010000,NYC GEOG DIST #27  - QUEENS,06,Hispanic,1040,952,764,753
2016-17,10/2/2017,QUEENS,342700010000,NYC GEOG DIST #27  - QUEENS,07,Asian/Pacific Islander,561,575,546,553
2016-17,10/2/2017,QUEENS,342700010000,NYC GEOG DIST #27  - QUEENS,08,White,240,203,198,173
2016-17,10/2/2017,QUEENS,342700010000,NYC GEOG DIST #27  - QUEENS,09,Multiracial,65,55,55,33
2016-17,10/2/2017,QUEENS,342800010000,NYC GEOG DIST #28 - QUEENS,04,American Indian/Alaska Native,117,118,104,66
2016-17,10/2/2017,QUEENS,342800010000,NYC GEOG DIST #28 - QUEENS,05,Black,961,905,845,827
2016-17,10/2/2017,QUEENS,342800010000,NYC GEOG DIST #28 - QUEENS,06,Hispanic,1192,1140,996,885
2016-17,10/2/2017,QUEENS,342800010000,NYC GEOG DIST #28 - QUEENS,07,Asian/Pacific Islander,1098,1185,1126,1092
2016-17,10/2/2017,QUEENS,342800010000,NYC GEOG DIST #28 - QUEENS,08,White,510,516,515,467
2016-17,10/2/2017,QUEENS,342800010000,NYC GEOG DIST #28 - QUEENS,09,Multiracial,84,60,46,52
2016-17,10/2/2017,QUEENS,342900010000,NYC GEOG DIST #29 - QUEENS,04,American Indian/Alaska Native,14,23,29,12
2016-17,10/2/2017,QUEENS,342900010000,NYC GEOG DIST #29 - QUEENS,05,Black,787,928,883,840
2016-17,10/2/2017,QUEENS,342900010000,NYC GEOG DIST #29 - QUEENS,06,Hispanic,126,114,97,75
2016-17,10/2/2017,QUEENS,342900010000,NYC GEOG DIST #29 - QUEENS,07,Asian/Pacific Islander,76,70,72,51
2016-17,10/2/2017,QUEENS,342900010000,NYC GEOG DIST #29 - QUEENS,08,White,18,34,18,15
2016-17,10/2/2017,QUEENS,342900010000,NYC GEOG DIST #29 - QUEENS,09,Multiracial,28,27,22,15
2016-17,10/2/2017,QUEENS,343000010000,NYC GEOG DIST #30 - QUEENS,04,American Indian/Alaska Native,7,21,17,10
2016-17,10/2/2017,QUEENS,343000010000,NYC GEOG DIST #30 - QUEENS,05,Black,294,218,182,173
2016-17,10/2/2017,QUEENS,343000010000,NYC GEOG DIST #30 - QUEENS,06,Hispanic,1650,1352,943,1015
2016-17,10/2/2017,QUEENS,343000010000,NYC GEOG DIST #30 - QUEENS,07,Asian/Pacific Islander,506,526,522,557
2016-17,10/2/2017,QUEENS,343000010000,NYC GEOG DIST #30 - QUEENS,08,White,418,383,411,389
2016-17,10/2/2017,QUEENS,343000010000,NYC GEOG DIST #30 - QUEENS,09,Multiracial,49,27,31,20
2016-17,10/2/2017,RICHMOND,353100010000,NYC GEOG DIST #31 - SI,04,American Indian/Alaska Native,32,30,9,14
2016-17,10/2/2017,RICHMOND,353100010000,NYC GEOG DIST #31 - SI,05,Black,813,685,518,491
2016-17,10/2/2017,RICHMOND,353100010000,NYC GEOG DIST #31 - SI,06,Hispanic,1457,1243,961,871
2016-17,10/2/2017,RICHMOND,353100010000,NYC GEOG DIST #31 - SI,07,Asian/Pacific Islander,534,469,483,435
2016-17,10/2/2017,RICHMOND,353100010000,NYC GEOG DIST #31 - SI,08,White,2182,2037,2157,1972
2016-17,10/2/2017,RICHMOND,353100010000,NYC GEOG DIST #31 - SI,09,Multiracial,96,88,52,28
